alright	adjective	AO2 L R AY1 T	nonstandard usage
laguna	noun	L AH0 G UW1 N AH0	a body of water cut off from a larger body by a reef of sand or coral
sweep	noun	S W IY1 P	a wide scope
neighbourhood	noun	N EY1 B ER0 HH UH2 D	a surrounding or nearby region
cookware	noun	K UH1 K W EH2 R	a kitchen utensil made of material that does not melt easily; used for cooking
regeneration	noun	R IY0 JH EH1 N ER0 EY1 SH AH0 N	(biology) growth anew of lost tissue or destroyed parts or organs
environmentally	adverb	IH0 N V AY2 R AH0 N M EH1 N T AH0 L IY0	for the environment
nonsense	noun	N AA1 N S EH0 N S	a message that seems to convey no meaning
weigh	verb	W EY1	have a certain weight
rodeo	noun	R OW1 D IY0 OW2	an exhibition of cowboy skills
clerical	adjective	K L EH1 R AH0 K AH0 L	of or relating to clerks
corrosion	noun	K ER0 OW1 ZH AH0 N	a state of deterioration in metals caused by oxidation or chemical action
meantime	noun	M IY1 N T AY2 M	the time between one event, process, or period and another
revival	noun	R IH0 V AY1 V AH0 L	bringing again into activity and prominence
tasty	adjective	T EY1 S T IY0	pleasing to the sense of taste
synchronization	noun	S IH2 NG K R AH0 N AH0 Z EY1 SH AH0 N	the relation that exists when things occur at the same time
tarot	noun	T AE2 R OW1	any of a set of (usually 72) cards that include 22 cards representing virtues and vices and death and fortune etc.; used by fortunetellers
maternal	adjective	M AH0 T ER1 N AH0 L	characteristic of a mother; - Dorothy Sayers
seamless	adjective	S IY1 M L AH0 S	not having or joined by a seam or seams
panty	noun	P AE1 N T IY0	short underpants for women or children (usually used in the plural)
subunit	noun	S AH2 B Y UW1 N IH0 T	a monetary unit that is valued at a fraction (usually one hundredth) of the basic monetary unit
chloride	noun	K L AO1 R AY0 D	any compound containing a chlorine atom
hurry	noun	HH ER1 IY0	a condition of urgency making it necessary to hurry
panorama	noun	P AE2 N ER0 AE1 M AH0	the visual percept of a region
odor	noun	OW1 D ER0	any property detected by the olfactory system
solitaire	noun	S AA2 L AH0 T EH1 R	a gem (usually a diamond) in a setting by itself
twentieth	noun	T W EH1 N T IY0 AH0 TH	position 20 in a countable series of things
extensively	adverb	IH0 K S T EH1 N S IH0 V L IY0	in a widespread way
gadget	noun	G AE1 JH AH0 T	a device or control that is very useful for a particular job
deco	noun	D EH1 K OW0	a style of design that was popular in the 1920s and 1930s; marked by stylized forms and geometric designs adapted to mass production
baron	noun	B AE1 R AH0 N	a nobleman (in various countries) of varying rank
thrust	noun	TH R AH1 S T	the force used in pushing
prod	noun	P R AA1 D	a verbalization that encourages you to attempt something
discography	noun	D IH0 S K AO1 G R AH0 F IY0	a descriptive catalog of musical recordings
pediatrics	noun	P IY2 D IY0 AE1 T R IH0 K S	the branch of medicine concerned with the treatment of infants and children
sushi	noun	S UW1 SH IY0	rice (with raw fish) wrapped in seaweed
puffy	adjective	P AH1 F IY0	being puffed out; used of hair style or clothing
scholarly	adjective	S K AA1 L ER0 L IY0	characteristic of scholars or scholarship
stark	adjective	S T AA1 R K	devoid of any qualifications or disguise or adornment
swimwear	noun	S W IH1 M W EH2 R	tight fitting garment worn for swimming
applet	noun	AE1 P L AH0 T	a Java application; an application program that uses the client's web browser to provide a user interface
procedural	adjective	P R AH0 S IY1 JH ER0 AH0 L	of or relating to procedure
readiness	noun	R EH1 D IY0 N AH0 S	the state of having been made ready or prepared for use or action (especially military action)
majesty	noun	M AE1 JH AH0 S T IY0	impressiveness in scale or proportion
localization	noun	L OW2 K AH0 L AH0 Z EY1 SH AH0 N	a determination of the place where something is
secondly	adverb	S EH1 K AH0 N D L IY0	in the second place
grandma	noun	G R AE1 N D M AA0	the mother of your father or mother
preparedness	noun	P R IY0 P EH1 R AH0 D N AH0 S	the state of having been made ready or prepared for use or action (especially military action)
systemic	adjective	S IH0 S T EH1 M IH0 K	affecting an entire system
deductible	noun	D IH0 D AH1 K T AH0 B AH0 L	(taxes) an amount that can be deducted (especially for the purposes of calculating income tax)
