nominal	noun	N AA1 M AH0 N AH0 L	a phrase that can function as the subject or object of a verb
underwater	adjective	AH1 N D ER0 W AO2 T ER0	beneath the surface of the water
eighth	noun	EY1 T TH	position eight in a countable series of things
tilt	noun	T IH1 L T	a combat between two mounted knights tilting against each other with blunted lances
franc	noun	F R AE1 NG K	the basic monetary unit in many countries; equal to 100 centimes
similarity	noun	S IH2 M AH0 L EH1 R AH0 T IY0	the quality of being similar
garnet	noun	G AA1 R N AH0 T	any of a group of hard glassy minerals (silicates of various metals) used as gemstones and as an abrasive
honour	noun	AA1 N ER0	the state of being honored
coupe	noun	K UW1 P	a car with two doors and front seats and a luggage compartment
khan	noun	K AA1 N	a title given to rulers or other important people in Asian countries
enjoyable	adjective	EH2 N JH OY1 AH0 B AH0 L	affording satisfaction or pleasure
sixty	noun	S IH1 K S T IY0	the cardinal number that is the product of ten and six
boyfriend	noun	B OY1 F R EH2 N D	a man who is the lover of a girl or young woman
expedition	noun	EH2 K S P AH0 D IH1 SH AH0 N	a military campaign designed to achieve a specific objective in a foreign country
humour	noun	HH Y UW1 M ER0	a characteristic (habitual or relatively temporary) state of feeling
goodbye	noun	G UH2 D B AY1	a farewell remark
poorly	adjective	P UW1 R L IY0	somewhat ill or prone to illness
goddess	noun	G AA1 D AH0 S	a female deity
sometime	adjective	S AH1 M T AY2 M	belonging to some prior time
whatsoever	adjective	W AH2 T S OW0 EH1 V ER0	one or some or every or all without specification
lithium	noun	L IH1 TH IY0 AH0 M	a soft silver-white univalent element of the alkali metal group; the lightest metal known; occurs in several minerals
sedan	noun	S AH0 D AE1 N	a car that is closed and that has front and rear seats and two or four doors
alphabetically	adverb	AE2 L F AH0 B EH1 T IH0 K L IY0	in alphabetical order
flora	noun	F L AO1 R AH0	all the plant life in a particular region or period
freeman	noun	F R IY1 M AH0 N	a person who is not a serf or a slave
scat	noun	S K AE1 T	singing jazz; the singer substitutes nonsense syllables for the words of the song and tries to sound like a musical instrument
liquor	noun	L IH1 K ER0	an alcoholic beverage that is distilled rather than fermented
bash	noun	B AE1 SH	a vigorous blow
occupancy	noun	AA1 K Y AH0 P AH0 N S IY0	an act of being a tenant or occupant
constructor	noun	K AH0 N S T R AH1 K T ER0	someone who contracts for and supervises construction (as of a building)
issuance	noun	IH1 SH UW0 AH0 N S	the act of providing an item for general use or for official purposes (usually in quantity)
decoration	noun	D EH2 K ER0 EY1 SH AH0 N	something used to beautify
biotech	noun	B AY1 OW0 T EH2 K	the branch of molecular biology that studies the use of microorganisms to perform specific industrial processes
brent	noun	B R EH1 N T	small dark geese that breed in the north and migrate southward
inactive	adjective	IH2 N AE1 K T IH0 V	(chemistry) not participating in a chemical reaction; chemically inert
regulator	noun	R EH1 G Y AH0 L EY2 T ER0	any of various controls or devices for regulating or controlling fluid flow, pressure, temperature, etc.
therein	adverb	DH EH0 R IH1 N	(formal) in or into that thing or place
neat	adjective	N IY1 T	clean or organized
idiot	noun	IH1 D IY2 AH0 T	a person of subnormal intelligence
aspen	noun	AE1 S P AH0 N	any of several trees of the genus Populus having leaves on flattened stalks so that they flutter in the lightest wind
objectionable	adjective	AH0 B JH EH1 K SH AH0 N AH0 B AH0 L	causing disapproval or protest
lemma	noun	L EH1 M AH0	a subsidiary proposition that is assumed to be true in order to prove another proposition
bump	noun	B AH1 M P	a lump on the body caused by a blow
pause	noun	P AO1 Z	a time interval during which there is a temporary cessation of something
postscript	noun	P OW1 S K R IH2 P T	a note appended to a letter after the signature
notation	noun	N OW0 T EY1 SH AH0 N	a technical system of symbols used to represent special things
globalization	noun	G L OW2 B AH0 L IH0 Z EY1 SH AH0 N	growth to a global or worldwide scale
pulmonary	adjective	P UH1 L M AH0 N EH2 R IY0	relating to or affecting the lungs
rogue	noun	R OW1 G	a deceitful and unreliable scoundrel
electronically	adverb	IH2 L EH2 K T R AA1 N IH0 K AH0 L IY2	by electronic means
