going	noun	79
thing	noun	138
nothing	noun	147
being	noun	217
three	noun	231
getting	noun	247
trying	adjective	265
used	adjective	292
days	noun	314
bring	verb	319
saying	noun	332
five	noun	397
four	noun	429
tried	adjective	514
running	noun	565
hour	noun	575
small	noun	577
perfect	verb	578
perhaps	adverb	586
sick	verb	589
touch	verb	600
sound	verb	601
asking	noun	606
human	noun	611
drive	verb	612
dance	verb	632
sense	verb	638
write	verb	645
million	noun	646
rather	adverb	649
less	adjective	662
pull	verb	663
seeing	noun	672
song	noun	679
learn	verb	691
step	verb	692
piece	verb	697
throw	verb	699
quick	noun	712
none	noun	718
pass	verb	741
worse	noun	747
seven	noun	788
christmas	noun	793
using	noun	826
york	noun	836
sitting	noun	854
crying	noun	892
eight	noun	895
dying	noun	1060
eating	noun	1069
lots	noun	1113
nine	noun	1207
bigger	adjective	1225
ways	noun	1240
acting	noun	1303
teeth	noun	1553
letting	noun	1617
ended	adjective	1629
mister	noun	1678
eggs	noun	1877
buying	noun	1939
lower	verb	1966
laid	adjective	2249
tied	adjective	2276
winning	noun	2330
hitting	noun	2622
cutting	noun	2711
latest	noun	2753
mixed	adjective	2769
beaten	adjective	3066
ending	noun	3110
acts	noun	3631
studied	adjective	3668
coke	verb	3730
arts	noun	3808
tons	noun	4082
owned	adjective	4159
eats	noun	4199
larger	adjective	4430
closest	adverb	4473
halloween	noun	4489
laying	noun	4614
cows	noun	4711
chang	noun	5449
aids	noun	5894
ming	noun	5997
rico	noun	6206
jeep	noun	6416
tops	adjective	6449
shan	noun	6566
ling	noun	6630
baba	noun	6878
gemma	noun	7074
popping	noun	7109
senor	noun	7751
tipped	adjective	8234
tang	noun	8236
yuan	noun	8608
islam	noun	8641
makin	noun	8691
takin	noun	8955
asap	adverb	9104
colt	noun	9198
telly	noun	9280
rigged	adjective	9360
atlantis	noun	9366
beta	noun	9689
christianity	noun	9742
mediterranean	noun	9892
risen	adjective	10329
wits	noun	10643
coco	noun	10732
fitted	adjective	11217
goldfish	noun	11274
capitol	noun	11275
slater	noun	11293
nineteen	noun	11511
elves	noun	11564
hindi	noun	11634
wedded	adjective	11753
batting	noun	12300
nile	noun	12469
peeing	noun	12514
qing	noun	12631
everest	noun	12875
strung	adjective	12958
columbo	noun	13037
zhou	noun	13441
antarctica	noun	13964
auschwitz	noun	14085
alps	noun	14101
tagged	adjective	14424
rowan	noun	14892
ness	noun	14925
lakh	noun	14947
thames	noun	15617
ukrainian	noun	15629
finnish	noun	15980
valium	noun	16208
shang	noun	16319
medici	noun	16365
sewn	adjective	16418
underwood	noun	16916
niagara	noun	16985
ridley	noun	17146
olympus	noun	17210
sewed	adjective	17216
cantonese	noun	17292
pika	noun	17293
asgard	noun	17433
airs	noun	17446
topped	adjective	17726
chou	noun	18089
koran	noun	18118
petting	noun	18471
scientology	noun	18485
hani	noun	18574
nandu	noun	18705
mossad	noun	18893
senora	noun	18946
yellowstone	noun	19005
buddhism	noun	19105
kremlin	noun	19251
fitch	noun	19387
springer	noun	19425
guan	noun	19502
senorita	noun	19636
ptsd	noun	20033
dink	noun	20036
botox	noun	20108
alamo	noun	20283
falco	noun	20573
kraft	noun	20606
corvette	noun	20698
qaeda	noun	20849
corp	noun	20890
valhalla	noun	20903
andes	noun	21028
klan	noun	21190
mortified	adjective	21250
blanc	noun	21262
atticus	noun	21555
argentine	noun	21626
xanax	noun	21720
yiddish	noun	21731
topping	noun	21814
dotted	adjective	21847
danube	noun	21978
maja	noun	21988
yosemite	noun	22001
excalibur	noun	22044
baldrick	noun	22149
torah	noun	22295
stetson	noun	22419
pinot	noun	22422
ebola	noun	22605
kwai	noun	22653
luftwaffe	noun	22675
bollywood	noun	22737
kleenex	noun	22915
agha	noun	22978
ouija	noun	23007
goldilocks	noun	23025
corona	noun	23476
eyre	noun	23590
hanukkah	noun	23720
judaism	noun	24066
belmont	noun	24380
musa	noun	24409
europa	noun	24442
viii	noun	24444
watergate	noun	24477
passover	noun	24698
polaroid	noun	24894
sanskrit	noun	25067
tuppence	noun	25102
dobson	noun	25235
icelandic	noun	25297
xiii	noun	25450
napa	noun	25546
sultana	noun	25569
bosnian	adjective	25684
velcro	verb	25687
tyrannosaurus	noun	25782
sapiens	adjective	25796
afro	noun	25851
angelus	noun	25954
doings	noun	26023
cannae	noun	26042
riffraff	noun	26086
gimp	verb	26132
undisturbed	adjective	26168
pinning	noun	26259
scorpius	noun	26268
swahili	noun	26550
porterhouse	noun	26600
pullman	noun	26631
blackburn	noun	26727
madder	verb	26742
pelham	noun	26828
everglades	noun	26830
dahl	noun	26878
flemish	noun	27167
prat	noun	27220
sodding	adjective	27230
prozac	noun	27241
nordic	noun	27393
zimmer	noun	27458
masa	noun	27490
arno	noun	27726
walkman	noun	27729
chickenshit	noun	27773
arrivederci	noun	27803
sirius	noun	27987
fema	noun	27990
volga	noun	28127
humvee	noun	28233
shiloh	noun	28322
lilo	noun	28462
tannoy	noun	28509
geum	noun	28617
urdu	noun	28695
catholicism	noun	28707
callisto	noun	28730
sorbonne	noun	29064
dorado	noun	29292
mongo	noun	29348
mayflower	noun	29477
ramadan	noun	29736
technicolor	noun	29862
kurdish	noun	29917
vaseline	noun	29971
dartmouth	noun	29999
ratting	noun	30003
viennese	adjective	30212
laguna	noun	30361
medicare	noun	30643
christmastime	noun	30651
mews	noun	30701
tylenol	noun	30779
plantagenet	noun	30799
naga	noun	30855
argo	noun	30936
pecs	noun	31150
saratoga	noun	31522
magi	noun	31524
verdun	noun	31738
greenwood	noun	31856
bade	noun	31910
trafalgar	noun	31918
malayalam	noun	31963
colosseum	noun	32050
rushmore	noun	32077
lyra	noun	32125
christendom	noun	32196
ativan	noun	32208
styrofoam	noun	32292
ritalin	noun	32456
twinkie	noun	32513
bijou	noun	32733
quran	noun	32739
magneto	noun	32782
germanic	noun	32904
agua	noun	32938
satsuma	noun	32956
yangtze	noun	33050
estonian	noun	33187
stanhope	noun	33194
fatah	noun	33322
maori	noun	33502
hosanna	noun	33665
nicu	noun	33759
duma	noun	33764
sputnik	noun	34027
triceratops	noun	34111
clit	noun	34115
lagging	noun	34144
hamas	noun	34231
screwup	noun	34258
styx	noun	34317
genovese	adjective	34363
liao	noun	34506
miri	noun	34510
caspian	noun	34531
shia	noun	34642
himalayan	adjective	34674
greenpeace	noun	34755
anil	noun	34788
pongo	noun	34981
slavic	noun	35186
americana	noun	35255
pharma	noun	35463
galan	noun	35625
vespa	noun	35807
rohypnol	noun	35844
taka	noun	35855
dachau	noun	35878
lolo	noun	36233
xmas	noun	36398
tartarus	noun	36399
montezuma	noun	36560
talmud	noun	36577
teflon	noun	36721
titi	noun	36893
porte	noun	36939
somme	noun	37027
sept	noun	37036
midwestern	adjective	37055
salah	noun	37168
camorra	noun	37206
hezbollah	noun	37341
hullo	noun	37364
lally	noun	37511
manchurian	adjective	37517
mdma	noun	37638
prancer	noun	37668
gila	noun	37837
ratan	noun	37867
kilimanjaro	noun	38074
marseillaise	noun	38186
sheraton	noun	38224
polaris	noun	38274
marxism	noun	38320
chianti	noun	38446
taichi	noun	38448
hereford	noun	38600
jammies	noun	38692
breathalyzer	noun	38875
sars	noun	38990
medicaid	noun	39095
eldorado	noun	39202
pinata	noun	39286
rolodex	noun	39412
mensa	noun	39559
loire	noun	39705
corsican	adjective	39865
mariposa	noun	40055
demerol	noun	40118
aras	noun	40270
virgilia	noun	40525
aegean	noun	40526
adhd	noun	40570
sonora	noun	40590
qiang	noun	40717
chon	noun	40831
zippo	noun	41005
tiber	noun	41132
parthenon	noun	41283
pali	noun	41468
linux	noun	41472
darjeeling	noun	41529
csis	noun	41552
advil	noun	41555
cochin	noun	41690
valois	noun	41729
marred	adjective	41812
pashto	noun	41842
formica	noun	41859
margate	noun	41871
mons	noun	42093
adriatic	noun	42145
mujahideen	noun	42321
salerno	noun	42356
blackwater	noun	42529
rosales	noun	42634
haldol	noun	42678
rotc	noun	42766
highschool	noun	43015
pollux	noun	43041
afghani	noun	43059
paschal	adjective	43605
pentothal	noun	43693
mekong	noun	43771
dimmed	adjective	43877
bedded	adjective	43909
tums	noun	44070
kodiak	noun	44080
wabash	noun	44138
permian	noun	44186
bihari	noun	44195
oreo	noun	44292
midgard	noun	44309
ouzo	noun	44339
berit	noun	44424
beaujolais	noun	44542
leviticus	noun	44621
cygnus	noun	44807
unicef	noun	44981
malti	noun	45130
pecos	noun	45135
jabberwocky	noun	45182
pernod	noun	45311
alhambra	noun	45333
oder	noun	45490
antares	noun	45642
saran	noun	45687
marsala	noun	45879
kannada	noun	45882
catskills	noun	45897
darpa	noun	45964
aramaic	noun	46045
gregorian	adjective	46136
kwanzaa	noun	46140
thorazine	noun	46184
elbe	noun	46381
ursus	noun	46413
gaussian	adjective	46484
ragnarok	noun	46541
huron	noun	47231
amex	noun	47600
jain	adjective	47662
elysium	noun	47720
napoleonic	adjective	47795
zoloft	noun	47909
hinduism	noun	47915
usda	noun	48014
matterhorn	noun	48095
kuki	noun	48145
iliad	noun	48236
purim	noun	48368
columbian	adjective	48522
euphrates	noun	48590
darwinism	noun	48653
zamboni	noun	48796
capella	noun	48848
benadryl	noun	48866
rorschach	noun	49004
kalashnikov	noun	49055
urals	noun	49213
ravenna	noun	49252
dramamine	noun	49376
newgate	noun	49503
kabbalah	noun	49530
masai	noun	49623
pinche	noun	49665
oktoberfest	noun	49670
tigris	noun	49700
himalaya	noun	49707
buchenwald	noun	49717
kotoko	noun	49744
rcmp	noun	49918
