being	noun	5.95
going	noun	5.94
used	adjective	5.80
three	noun	5.78
thing	noun	5.72
days	noun	5.61
getting	noun	5.57
nothing	noun	5.55
four	noun	5.53
small	noun	5.51
less	adjective	5.49
using	noun	5.47
trying	adjective	5.47
five	noun	5.45
york	noun	5.37
saying	noun	5.37
human	noun	5.35
million	noun	5.33
rather	adverb	5.32
bring	verb	5.27
song	noun	5.26
running	noun	5.23
perfect	verb	5.20
sense	verb	5.19
hour	noun	5.18
learn	verb	5.17
tried	adjective	5.16
sound	verb	5.15
step	verb	5.13
drive	verb	5.13
lower	verb	5.11
perhaps	adverb	5.09
seven	noun	5.08
ways	noun	5.06
pass	verb	5.05
piece	verb	5.04
seeing	noun	5.04
write	verb	5.03
eight	noun	5.02
quick	noun	4.98
winning	noun	4.98
asking	noun	4.96
none	noun	4.93
dance	verb	4.93
ended	adjective	4.92
latest	noun	4.92
touch	verb	4.91
christmas	noun	4.91
worse	noun	4.89
lots	noun	4.88
sick	verb	4.88
nine	noun	4.87
sitting	noun	4.86
eating	noun	4.85
throw	verb	4.83
pull	verb	4.82
acting	noun	4.82
larger	adjective	4.82
http	noun	4.81
owned	adjective	4.76
buying	noun	4.75
bigger	adjective	4.74
arts	noun	4.70
ending	noun	4.68
acts	noun	4.64
mixed	adjective	4.64
dying	noun	4.63
cutting	noun	4.61
teeth	noun	4.58
laid	adjective	4.56
crying	noun	4.56
letting	noun	4.53
eggs	noun	4.50
studied	adjective	4.49
tied	adjective	4.47
tons	noun	4.46
hitting	noun	4.46
islam	noun	4.42
sept	noun	4.35
corp	noun	4.27
aids	noun	4.25
beaten	adjective	4.21
closest	adverb	4.21
beta	noun	4.20
christianity	noun	4.19
ukrainian	noun	4.18
laying	noun	4.16
halloween	noun	4.16
fitted	adjective	4.13
coke	verb	4.08
tops	adjective	4.07
capitol	noun	4.00
linux	noun	3.99
mediterranean	noun	3.99
rico	noun	3.97
eats	noun	3.95
medicare	noun	3.94
cows	noun	3.93
topped	adjective	3.92
risen	adjective	3.86
batting	noun	3.84
popping	noun	3.83
hindi	noun	3.82
tagged	adjective	3.82
asap	adverb	3.81
medicaid	noun	3.74
chang	noun	3.73
thames	noun	3.73
jeep	noun	3.72
viii	noun	3.72
yuan	noun	3.70
tipped	adjective	3.67
finnish	noun	3.67
html	noun	3.65
qaeda	noun	3.65
nile	noun	3.64
hamas	noun	3.63
rigged	adjective	3.63
buddhism	noun	3.63
ebola	noun	3.62
argentine	noun	3.62
ness	noun	3.60
europa	noun	3.60
kurdish	noun	3.59
nineteen	noun	3.59
baba	noun	3.58
tang	noun	3.58
judaism	noun	3.58
semitic	noun	3.58
bollywood	noun	3.58
colt	noun	3.57
springer	noun	3.57
alps	noun	3.56
mister	noun	3.56
topping	noun	3.56
unesco	noun	3.55
ming	noun	3.54
ptsd	noun	3.54
tertiary	noun	3.53
antarctica	noun	3.53
nordic	noun	3.52
niagara	noun	3.52
airs	noun	3.51
ling	noun	3.51
fandom	noun	3.51
adhd	noun	3.49
coco	noun	3.49
quasi	adjective	3.49
shia	noun	3.48
bodied	adjective	3.48
blackburn	noun	3.48
slater	noun	3.46
underwood	noun	3.46
usda	noun	3.45
xiii	noun	3.44
episcopal	adjective	3.44
afro	noun	3.43
pharma	noun	3.43
everest	noun	3.43
atlantis	noun	3.43
relegation	noun	3.43
blanc	noun	3.42
corona	noun	3.42
dotted	adjective	3.41
nasdaq	noun	3.41
elves	noun	3.40
playable	adjective	3.40
greenwood	noun	3.40
kremlin	noun	3.39
zhou	noun	3.38
kraft	noun	3.38
highschool	noun	3.38
catholicism	noun	3.37
webpage	noun	3.36
marxism	noun	3.35
ridley	noun	3.34
gemma	noun	3.33
airbus	noun	3.33
belmont	noun	3.33
corvette	noun	3.33
napa	noun	3.32
wits	noun	3.32
rowan	noun	3.32
saharan	noun	3.32
skincare	noun	3.32
auschwitz	noun	3.32
unix	noun	3.31
strung	adjective	3.31
sanskrit	noun	3.31
scientology	noun	3.31
asean	noun	3.30
goldfish	noun	3.28
yosemite	noun	3.28
yellowstone	noun	3.28
makin	noun	3.27
hinduism	noun	3.27
dartmouth	noun	3.27
hezbollah	noun	3.27
urdu	noun	3.26
bayer	noun	3.26
fitch	noun	3.26
sirius	noun	3.26
icelandic	noun	3.26
shan	noun	3.25
xmas	noun	3.25
scrum	noun	3.25
olympus	noun	3.25
lakh	noun	3.24
sens	noun	3.24
maori	noun	3.24
peeing	noun	3.24
watergate	noun	3.24
noaa	noun	3.23
annum	noun	3.23
unicef	noun	3.23
untitled	adjective	3.23
nyse	noun	3.22
tasmanian	adjective	3.22
takin	noun	3.21
laguna	noun	3.21
lagging	noun	3.21
ramadan	noun	3.21
reusable	adjective	3.21
americana	noun	3.21
symmetric	adjective	3.21
mrna	noun	3.20
salah	noun	3.20
telly	noun	3.20
revamp	verb	3.20
misogyny	noun	3.20
topology	noun	3.20
multiplier	noun	3.20
organisational	adjective	3.20
oculus	noun	3.19
bosnian	adjective	3.19
germanic	noun	3.19
dystopian	adjective	3.19
stagnation	noun	3.19
klan	noun	3.18
sewn	adjective	3.18
usps	noun	3.18
xanax	noun	3.18
passover	noun	3.18
huron	noun	3.17
gcse	noun	3.15
opec	noun	3.15
slavic	noun	3.15
zimmer	noun	3.15
antisemitism	noun	3.15
andes	noun	3.14
nafta	noun	3.14
danube	noun	3.14
ghanaian	adjective	3.14
saratoga	noun	3.14
himalayan	adjective	3.14
bodybuilding	noun	3.14
acer	noun	3.13
eyre	noun	3.13
porte	noun	3.13
pinning	noun	3.13
qing	noun	3.12
dobson	noun	3.12
mcintosh	noun	3.12
midwestern	adjective	3.12
dahl	noun	3.11
botox	noun	3.11
burberry	noun	3.11
hereford	noun	3.11
apis	noun	3.10
clit	noun	3.10
trope	noun	3.10
pullman	noun	3.10
estonian	noun	3.10
maximise	verb	3.10
jain	adjective	3.09
osha	noun	3.09
pinot	noun	3.09
marred	adjective	3.09
flemish	noun	3.09
netball	noun	3.09
allegheny	noun	3.09
enrolment	noun	3.09
alamo	noun	3.08
indus	noun	3.08
polaris	noun	3.08
radiotherapy	noun	3.08
worcestershire	noun	3.08
musa	noun	3.07
yiddish	noun	3.07
cantonese	noun	3.07
shortlist	verb	3.07
vedic	adjective	3.06
gaap	noun	3.05
mons	noun	3.05
rcmp	noun	3.05
petting	noun	3.05
ayrshire	noun	3.05
fema	noun	3.04
magneto	noun	3.04
dorado	noun	3.03
fewest	adjective	3.03
severn	noun	3.03
caspian	noun	3.03
iaea	noun	3.02
usaf	noun	3.02
subclass	noun	3.02
anarchism	noun	3.02
trafalgar	noun	3.02
blackwater	noun	3.02
anil	noun	3.01
decal	noun	3.01
eurasia	noun	3.01
spiegel	noun	3.01
uncensored	adjective	3.01
pleistocene	noun	3.01
superannuation	noun	3.01
medici	noun	3.00
permian	noun	3.00
postcode	noun	3.00
soreness	noun	3.00
coursework	noun	3.00
positional	adjective	3.00
racecourse	noun	3.00
translational	adjective	3.00
argo	noun	2.99
luxe	adjective	2.99
sars	noun	2.99
hadith	noun	2.99
columbian	adjective	2.99
undisturbed	adjective	2.99
unsupported	adjective	2.99
chou	noun	2.98
fascia	noun	2.98
captaincy	noun	2.98
unincorporated	adjective	2.98
amex	noun	2.97
duma	noun	2.97
naga	noun	2.97
sapiens	adjective	2.97
circadian	adjective	2.97
mortified	adjective	2.97
antisemitic	adjective	2.97
modernisation	noun	2.97
oreo	noun	2.96
atrial	adjective	2.96
talmud	noun	2.96
utilise	verb	2.96
valhalla	noun	2.96
greenpeace	noun	2.96
plasticity	noun	2.96
falco	noun	2.95
macron	noun	2.95
valium	noun	2.95
bayesian	adjective	2.95
colliery	noun	2.95
salaried	adjective	2.95
subspecies	noun	2.95
hereinafter	adverb	2.95
globalisation	noun	2.95
supplementation	noun	2.95
xviii	noun	2.94
gaussian	adjective	2.94
excalibur	noun	2.94
scepticism	noun	2.94
orthopaedic	adjective	2.94
interoperability	noun	2.94
layup	noun	2.93
xxiii	noun	2.93
aegean	noun	2.93
wedded	adjective	2.93
adriatic	noun	2.93
sheraton	noun	2.93
everglades	noun	2.93
watercolour	verb	2.93
ascii	noun	2.92
argyll	noun	2.92
velcro	verb	2.92
wabash	noun	2.92
erasure	noun	2.92
linemen	noun	2.92
apostasy	noun	2.92
favourably	adverb	2.92
napoleonic	adjective	2.92
subtropical	adjective	2.92
fisa	noun	2.91
gila	noun	2.91
magi	noun	2.91
rotc	noun	2.91
iliad	noun	2.91
shang	noun	2.91
andean	adjective	2.91
ordinate	verb	2.91
polaroid	noun	2.91
therefor	adverb	2.91
dynamical	adjective	2.91
newmarket	noun	2.91
unreported	adjective	2.91
cryptography	noun	2.91
trad	noun	2.90
incase	verb	2.90
masjid	noun	2.90
shiloh	noun	2.90
cursive	noun	2.90
preheat	verb	2.90
devonian	noun	2.90
elliptic	adjective	2.90
taxonomic	adjective	2.90
luminosity	noun	2.90
quarterfinal	noun	2.90
doggo	adverb	2.89
sewed	adjective	2.89
somme	noun	2.89
miocene	noun	2.89
euphrates	noun	2.89
hydrophobic	adjective	2.89
internationale	noun	2.89
characterisation	noun	2.89
mossad	noun	2.88
colitis	noun	2.88
blackface	noun	2.88
firestone	noun	2.88
drosophila	noun	2.88
reorganisation	noun	2.88
citrate	verb	2.87
swahili	noun	2.87
leviticus	noun	2.87
deuteronomy	noun	2.87
phylogenetic	adjective	2.87
hdtv	noun	2.86
oled	noun	2.86
bangla	noun	2.86
coptic	noun	2.86
tyrosine	noun	2.86
equaliser	noun	2.86
carriageway	noun	2.86
fdic	noun	2.85
lyra	noun	2.85
fatah	noun	2.85
aramaic	noun	2.85
marathi	noun	2.85
tramway	noun	2.85
blackish	adjective	2.85
hellenic	noun	2.85
malayalam	noun	2.85
hellenistic	adjective	2.85
conformation	noun	2.85
unrecognized	adjective	2.85
gaba	noun	2.84
mdma	noun	2.84
taka	noun	2.84
platte	noun	2.84
malacca	noun	2.84
holstein	noun	2.84
colosseum	noun	2.84
pentecost	noun	2.84
paediatric	adjective	2.84
uncontested	adjective	2.84
islamophobia	noun	2.84
toed	adjective	2.83
mekong	noun	2.83
hydrology	noun	2.83
mayflower	noun	2.83
quadrangle	noun	2.83
highlighter	noun	2.83
portraiture	noun	2.83
psychoactive	adjective	2.83
neurotransmitter	noun	2.83
mpeg	noun	2.82
usmc	noun	2.82
xvii	noun	2.82
chara	noun	2.82
eocene	noun	2.82
pelham	noun	2.82
roleplay	verb	2.82
luftwaffe	noun	2.82
tiebreaker	noun	2.82
susquehanna	noun	2.82
oder	noun	2.81
alkyl	noun	2.81
teflon	noun	2.81
gigabit	noun	2.81
viennese	adjective	2.81
afrikaans	noun	2.81
interwoven	adjective	2.81
gestational	adjective	2.81
hearthstone	noun	2.81
radiocarbon	noun	2.81
australasian	adjective	2.81
gimp	verb	2.80
hani	noun	2.80
nist	noun	2.80
tues	noun	2.80
bezel	noun	2.80
asgard	noun	2.80
cassava	noun	2.80
kannada	noun	2.80
lingual	noun	2.80
tylenol	noun	2.80
creatine	noun	2.80
lowercase	noun	2.80
resonator	noun	2.80
unrivalled	adjective	2.80
topographical	adjective	2.80
doings	noun	2.79
ebitda	noun	2.79
humber	noun	2.79
sonora	noun	2.79
crossbar	noun	2.79
chromatin	noun	2.79
euclidean	adjective	2.79
isometric	noun	2.79
presbytery	noun	2.79
prioritise	verb	2.79
subduction	noun	2.79
unclassified	adjective	2.79
neoliberalism	noun	2.79
guan	noun	2.78
lipped	adjective	2.78
onside	adjective	2.78
wether	noun	2.78
diffuser	noun	2.78
inverter	noun	2.78
rushmore	noun	2.78
vaseline	noun	2.78
mediaeval	adjective	2.78
optimally	adverb	2.78
belarusian	noun	2.78
optionally	adverb	2.78
oktoberfest	noun	2.78
undiagnosed	adjective	2.78
inst	adjective	2.77
liao	noun	2.77
darpa	noun	2.77
tigris	noun	2.77
knesset	noun	2.77
sputnik	noun	2.77
androgen	noun	2.77
balinese	noun	2.77
meniscus	noun	2.77
stanhope	noun	2.77
unedited	adjective	2.77
refraction	noun	2.77
prescriptive	adjective	2.77
controversially	adverb	2.77
agua	noun	2.76
anima	noun	2.76
leyte	noun	2.76
volga	noun	2.76
gallic	adjective	2.76
rimmed	adjective	2.76
moorish	noun	2.76
outcrop	verb	2.76
airforce	noun	2.76
hanukkah	noun	2.76
latterly	adverb	2.76
riparian	adjective	2.76
personhood	noun	2.76
transitive	noun	2.76
willamette	noun	2.76
spaceflight	noun	2.76
unaffiliated	adjective	2.76
unstructured	adjective	2.76
aarp	noun	2.75
arno	noun	2.75
loire	noun	2.75
redox	noun	2.75
ypres	noun	2.75
chroma	noun	2.75
dimmed	adjective	2.75
atticus	noun	2.75
margate	noun	2.75
myeloma	noun	2.75
moveable	adjective	2.75
teutonic	adjective	2.75
interment	noun	2.75
mormonism	noun	2.75
reductive	adjective	2.75
spatially	adverb	2.75
styrofoam	noun	2.75
prehistory	noun	2.75
utilisation	noun	2.75
spectroscopic	adjective	2.75
musculoskeletal	adjective	2.75
jewry	noun	2.74
ouija	noun	2.74
zonal	adjective	2.74
cochin	noun	2.74
palmyra	noun	2.74
winless	adjective	2.74
alhambra	noun	2.74
gregorian	adjective	2.74
cytochrome	noun	2.74
eukaryotic	adjective	2.74
pinus	noun	2.73
vestry	noun	2.73
chancel	noun	2.73
adaption	noun	2.73
unfunded	adjective	2.73
darwinism	noun	2.73
estradiol	noun	2.73
philology	noun	2.73
christendom	noun	2.73
freemasonry	noun	2.73
subjugation	noun	2.73
mobilisation	noun	2.73
monetization	noun	2.73
optimisation	noun	2.73
cryptographic	adjective	2.73
delft	noun	2.72
verso	noun	2.72
acetyl	noun	2.72
prozac	noun	2.72
stetson	noun	2.72
goalless	adjective	2.72
homology	noun	2.72
cantilever	verb	2.72
geophysics	noun	2.72
promontory	noun	2.72
volumetric	adjective	2.72
kilimanjaro	noun	2.72
colonisation	noun	2.72
translocation	noun	2.72
unanticipated	adjective	2.72
dink	noun	2.71
icao	noun	2.71
scape	noun	2.71
bellied	adjective	2.71
histone	noun	2.71
tweeter	noun	2.71
blenheim	noun	2.71
himalaya	noun	2.71
holotype	noun	2.71
unearned	adjective	2.71
reductase	noun	2.71
mujahideen	noun	2.71
unsaturated	adjective	2.71
unsurpassed	adjective	2.71
anas	noun	2.70
glyph	noun	2.70
yangtze	noun	2.70
arginine	noun	2.70
porosity	noun	2.70
silurian	noun	2.70
rorschach	noun	2.70
technicolor	noun	2.70
reproducible	adjective	2.70
transduction	noun	2.70
grammatically	adverb	2.70
lilo	noun	2.69
pali	noun	2.69
dinka	noun	2.69
orang	noun	2.69
boreal	adjective	2.69
fortran	noun	2.69
klamath	noun	2.69
kleenex	noun	2.69
despatch	verb	2.69
hydroxyl	noun	2.69
uncooked	adjective	2.69
catalysis	noun	2.69
capitalise	verb	2.69
publically	adverb	2.69
colloquially	adverb	2.69
pancreatitis	noun	2.69
supercharger	noun	2.69
unconvincing	adjective	2.69
unsurprising	adjective	2.69
stabilisation	noun	2.69
counterintuitive	adjective	2.69
bade	noun	2.68
farc	noun	2.68
fmri	noun	2.68
ltte	noun	2.68
neva	noun	2.68
nlrb	noun	2.68
elysium	noun	2.68
plasmid	noun	2.68
canfield	noun	2.68
casement	noun	2.68
eldorado	noun	2.68
loudness	noun	2.68
pliocene	noun	2.68
solenoid	noun	2.68
sepulchre	noun	2.68
thermally	adverb	2.68
freestanding	adjective	2.68
hypothyroidism	noun	2.68
liberalisation	noun	2.68
hewn	adjective	2.67
masa	noun	2.67
mews	noun	2.67
xxii	noun	2.67
enrol	verb	2.67
aikido	noun	2.67
rigour	noun	2.67
turkic	noun	2.67
benthic	adjective	2.67
ordinal	noun	2.67
singlet	noun	2.67
cytokine	noun	2.67
exegesis	noun	2.67
undeclared	adjective	2.67
breaststroke	verb	2.67
extrajudicial	adjective	2.67
neuromuscular	adjective	2.67
lolo	noun	2.66
nicu	noun	2.66
mensa	noun	2.66
rhone	noun	2.66
biotic	adjective	2.66
kodiak	noun	2.66
verdun	noun	2.66
ectopic	adjective	2.66
alopecia	noun	2.66
cysteine	noun	2.66
homebrew	noun	2.66
slipknot	noun	2.66
butternut	noun	2.66
parthenon	noun	2.66
polymeric	adjective	2.66
beekeeping	noun	2.66
ordovician	noun	2.66
macroscopic	adjective	2.66
urbanisation	noun	2.66
combinatorial	adjective	2.66
nationalisation	noun	2.66
hoya	noun	2.65
vela	noun	2.65
lidar	noun	2.65
masai	noun	2.65
folate	noun	2.65
stator	noun	2.65
argonne	noun	2.65
gestalt	noun	2.65
greyish	adjective	2.65
ravenna	noun	2.65
shariah	noun	2.65
barbican	noun	2.65
cruciate	adjective	2.65
islamism	noun	2.65
bobsleigh	noun	2.65
headscarf	noun	2.65
pubescent	adjective	2.65
recursion	noun	2.65
waterside	noun	2.65
shoestring	noun	2.65
collectable	noun	2.65
synchrotron	noun	2.65
subjectively	adverb	2.65
unobstructed	adjective	2.65
matriculation	noun	2.65
immunoglobulin	noun	2.65
choc	noun	2.64
reit	noun	2.64
serif	noun	2.64
bedded	adjective	2.64
lyceum	noun	2.64
serine	noun	2.64
plantar	adjective	2.64
tilapia	noun	2.64
cultivar	noun	2.64
holocene	noun	2.64
lossless	adjective	2.64
nehemiah	noun	2.64
netscape	noun	2.64
ragnarok	noun	2.64
unneeded	adjective	2.64
warfarin	noun	2.64
prognostic	noun	2.64
unabridged	noun	2.64
centrepiece	noun	2.64
chronograph	noun	2.64
referential	adjective	2.64
undeserving	adjective	2.64
characterise	verb	2.64
crystallization	noun	2.64
objectification	noun	2.64
icbm	noun	2.63
kobo	noun	2.63
maja	noun	2.63
glebe	noun	2.63
naira	noun	2.63
cygnus	noun	2.63
tantra	noun	2.63
entente	noun	2.63
myeloid	adjective	2.63
wastage	noun	2.63
balmoral	noun	2.63
carapace	noun	2.63
cyrillic	noun	2.63
verandah	noun	2.63
cityscape	noun	2.63
corporeal	adjective	2.63
orwellian	adjective	2.63
superfund	noun	2.63
capacitive	adjective	2.63
drawstring	noun	2.63
speciation	noun	2.63
unrealized	adjective	2.63
escherichia	noun	2.63
photosynthetic	adjective	2.63
gastroenterology	noun	2.63
aire	noun	2.62
lisle	noun	2.62
denali	noun	2.62
dongle	noun	2.62
masque	noun	2.62
mitosis	noun	2.62
vedanta	noun	2.62
walkman	noun	2.62
foldable	adjective	2.62
glycerin	noun	2.62
sorbonne	noun	2.62
autosomal	adjective	2.62
esperanto	noun	2.62
gatehouse	noun	2.62
weeknight	noun	2.62
goldilocks	noun	2.62
maidenhead	noun	2.62
preposition	noun	2.62
childbearing	noun	2.62
stratigraphy	noun	2.62
hydrochloride	noun	2.62
libertarianism	noun	2.62
miri	noun	2.61
senor	noun	2.61
segway	noun	2.61
useable	adjective	2.61
ayurveda	noun	2.61
cenotaph	noun	2.61
habsburg	noun	2.61
listeria	noun	2.61
viewable	adjective	2.61
woodbine	noun	2.61
collation	noun	2.61
foreshore	noun	2.61
placental	noun	2.61
resistive	adjective	2.61
waveguide	noun	2.61
manchurian	adjective	2.61
winemaking	noun	2.61
attestation	noun	2.61
confucianism	noun	2.61
deactivation	noun	2.61
neurobiology	noun	2.61
connectedness	noun	2.61
encapsulation	noun	2.61
norepinephrine	noun	2.61
styx	noun	2.60
saran	noun	2.60
tiber	noun	2.60
wicca	noun	2.60
cialis	noun	2.60
costal	adjective	2.60
sunnah	noun	2.60
bauhaus	noun	2.60
cupping	noun	2.60
fistula	noun	2.60
jutting	noun	2.60
paschal	adjective	2.60
headbutt	verb	2.60
optimise	verb	2.60
presidio	noun	2.60
unfilled	adjective	2.60
faultless	adjective	2.60
probiotic	noun	2.60
summarise	verb	2.60
workpiece	noun	2.60
phosphatase	noun	2.60
polypeptide	noun	2.60
rationalism	noun	2.60
unencumbered	adjective	2.60
astrophysical	adjective	2.60
inflorescence	noun	2.60
prat	noun	2.59
scsi	noun	2.59
advil	noun	2.59
vespa	noun	2.59
albedo	noun	2.59
dachau	noun	2.59
hereof	adverb	2.59
madder	verb	2.59
angelus	noun	2.59
capella	noun	2.59
jodhpur	noun	2.59
mugshot	noun	2.59
cesarean	noun	2.59
empathic	adjective	2.59
nocturne	noun	2.59
blackfish	noun	2.59
recherche	adjective	2.59
theoretic	adjective	2.59
calcareous	adjective	2.59
darjeeling	noun	2.59
tryptophan	noun	2.59
typescript	noun	2.59
unmodified	adjective	2.59
paleolithic	noun	2.59
prophylaxis	noun	2.59
pseudomonas	noun	2.59
unprocessed	adjective	2.59
superposition	noun	2.59
tyrannosaurus	noun	2.59
existentialism	noun	2.59
transfiguration	noun	2.59
cdna	noun	2.58
burqa	noun	2.58
foetal	adjective	2.58
thymus	noun	2.58
bursary	noun	2.58
hansard	noun	2.58
kanawha	noun	2.58
adjuvant	noun	2.58
cortland	noun	2.58
admixture	noun	2.58
assistive	adjective	2.58
calvinism	noun	2.58
downfield	adjective	2.58
headspace	noun	2.58
healthily	adverb	2.58
sequencer	noun	2.58
greenbrier	noun	2.58
aspergillus	noun	2.58
eucharistic	adjective	2.58
histological	adjective	2.58
specialisation	noun	2.58
pika	noun	2.57
sids	noun	2.57
anova	noun	2.57
etude	noun	2.57
fossa	noun	2.57
torus	noun	2.57
ultimo	adjective	2.57
cumulus	noun	2.57
fondant	noun	2.57
benadryl	noun	2.57
genitive	noun	2.57
numeracy	noun	2.57
socratic	adjective	2.57
touristy	adjective	2.57
unranked	adjective	2.57
cytotoxic	adjective	2.57
dysphoria	noun	2.57
perinatal	adjective	2.57
nominative	noun	2.57
watercraft	noun	2.57
cognitively	adverb	2.57
derangement	noun	2.57
pythagorean	adjective	2.57
doubleheader	noun	2.57
glycoprotein	noun	2.57
minimization	noun	2.57
stereoscopic	adjective	2.57
antipsychotic	noun	2.57
marl	noun	2.56
pecs	noun	2.56
lally	noun	2.56
hessian	noun	2.56
nitrite	noun	2.56
carbonyl	noun	2.56
cotswold	noun	2.56
glabrous	adjective	2.56
hermetic	adjective	2.56
leninism	noun	2.56
postural	adjective	2.56
halfpenny	noun	2.56
springbok	noun	2.56
wraparound	noun	2.56
americanism	noun	2.56
periodicity	noun	2.56
initialization	noun	2.56
ridiculousness	noun	2.56
computationally	adverb	2.56
causa	noun	2.55
jawed	adjective	2.55
pecos	noun	2.55
vellum	noun	2.55
limiter	noun	2.55
riptide	noun	2.55
kabbalah	noun	2.55
moravian	adjective	2.55
prolapse	verb	2.55
linearity	noun	2.55
metformin	noun	2.55
semaphore	verb	2.55
undesired	adjective	2.55
extensible	adjective	2.55
subjunctive	noun	2.55
nightcrawler	noun	2.55
kola	noun	2.54
gyrus	noun	2.54
taupe	noun	2.54
pestle	verb	2.54
pidgin	noun	2.54
stevia	noun	2.54
salerno	noun	2.54
antimony	noun	2.54
rhodesian	adjective	2.54
unreserved	adjective	2.54
photometric	adjective	2.54
quantization	noun	2.54
fertilisation	noun	2.54
progressivism	noun	2.54
transposition	noun	2.54
elbe	noun	2.53
trna	noun	2.53
urals	noun	2.53
zaman	noun	2.53
bhakti	noun	2.53
caries	noun	2.53
flexor	noun	2.53
ozarks	noun	2.53
zoloft	noun	2.53
marmite	noun	2.53
rankine	noun	2.53
ritalin	noun	2.53
tammany	noun	2.53
ephemera	noun	2.53
theistic	adjective	2.53
unbelief	noun	2.53
zirconia	noun	2.53
stonework	noun	2.53
fibreglass	noun	2.53
gobsmacked	adjective	2.53
kuomintang	noun	2.53
methionine	noun	2.53
hydrostatic	adjective	2.53
unmotivated	adjective	2.53
unsweetened	adjective	2.53
ecclesiastes	noun	2.53
entomological	adjective	2.53
visualisation	noun	2.53
differentially	adverb	2.53
longitudinally	adverb	2.53
agha	noun	2.52
manx	noun	2.52
boyne	noun	2.52
bruin	noun	2.52
chine	verb	2.52
mongo	noun	2.52
prion	noun	2.52
sivan	noun	2.52
kentish	noun	2.52
summery	adjective	2.52
ternary	noun	2.52
woodcut	noun	2.52
naloxone	noun	2.52
papillon	noun	2.52
subsonic	adjective	2.52
unsalted	adjective	2.52
autofocus	noun	2.52
brainstem	noun	2.52
copolymer	noun	2.52
factorial	noun	2.52
hereunder	adverb	2.52
modernise	verb	2.52
vaporizer	noun	2.52
septuagint	noun	2.52
arabidopsis	noun	2.52
clostridium	noun	2.52
disassembly	noun	2.52
polarisation	noun	2.52
cerebrospinal	adjective	2.52
hematopoietic	adjective	2.52
beautification	noun	2.52
kwai	noun	2.51
nepa	noun	2.51
niqab	noun	2.51
pyrex	noun	2.51
annexe	noun	2.51
cosine	noun	2.51
alanine	noun	2.51
currant	noun	2.51
hasidic	adjective	2.51
iterate	verb	2.51
limpopo	noun	2.51
trophic	adjective	2.51
tsarist	adjective	2.51
frankish	adjective	2.51
forecourt	noun	2.51
montezuma	noun	2.51
preakness	noun	2.51
reticulum	noun	2.51
colourless	adjective	2.51
compaction	noun	2.51
defecation	noun	2.51
desorption	noun	2.51
moisturize	verb	2.51
angiography	noun	2.51
commutative	adjective	2.51
lepidoptera	noun	2.51
sublimation	noun	2.51
monotheistic	adjective	2.51
utilitarianism	noun	2.51
abcs	noun	2.50
bata	noun	2.50
twee	adjective	2.50
xxiv	noun	2.50
scrim	noun	2.50
taxon	noun	2.50
brazos	noun	2.50
lenten	adjective	2.50
physic	noun	2.50
quarto	noun	2.50
chianti	noun	2.50
homeric	adjective	2.50
preform	verb	2.50
garcinia	noun	2.50
havelock	noun	2.50
mariposa	noun	2.50
unsuited	adjective	2.50
arthurian	adjective	2.50
glutamine	noun	2.50
hardiness	noun	2.50
isotropic	adjective	2.50
merrimack	noun	2.50
methodism	noun	2.50
metrology	noun	2.50
skilfully	adverb	2.50
slovakian	adjective	2.50
wistfully	adverb	2.50
alchemical	adjective	2.50
alzheimers	noun	2.50
centerline	noun	2.50
expository	adjective	2.50
nihilistic	adjective	2.50
worshipful	adjective	2.50
concordance	noun	2.50
annunciation	noun	2.50
discipleship	noun	2.50
legalisation	noun	2.50
supplication	noun	2.50
postmenopausal	adjective	2.50
morphologically	adverb	2.50
standardisation	noun	2.50
csis	noun	2.49
fifo	noun	2.49
mips	noun	2.49
ouse	noun	2.49
bijou	noun	2.49
biota	noun	2.49
canna	noun	2.49
cobol	noun	2.49
oriel	noun	2.49
ummah	noun	2.49
altair	noun	2.49
ararat	noun	2.49
gimbal	noun	2.49
humvee	noun	2.49
taoism	noun	2.49
xlviii	adjective	2.49
anglian	noun	2.49
diptera	noun	2.49
meerkat	noun	2.49
pimlico	noun	2.49
serfdom	noun	2.49
aeration	noun	2.49
capsicum	noun	2.49
liveable	adjective	2.49
tricolor	noun	2.49
estuarine	adjective	2.49
segmental	adjective	2.49
subwoofer	noun	2.49
symbolise	verb	2.49
lenticular	adjective	2.49
metatarsal	noun	2.49
subjection	noun	2.49
unrecorded	adjective	2.49
conductance	noun	2.49
gynaecology	noun	2.49
mahabharata	noun	2.49
materialise	verb	2.49
paragliding	noun	2.49
geologically	adverb	2.49
mycobacterium	noun	2.49
telemarketing	noun	2.49
undifferentiated	adjective	2.49
acyl	noun	2.48
amur	noun	2.48
azeri	noun	2.48
canis	noun	2.48
sexed	adjective	2.48
croton	noun	2.48
resize	verb	2.48
afghani	noun	2.48
antares	noun	2.48
columbo	noun	2.48
porcine	adjective	2.48
quercus	noun	2.48
realness	noun	2.48
slavonic	noun	2.48
apocrypha	noun	2.48
malachite	noun	2.48
semicolon	noun	2.48
isomorphic	adjective	2.48
protrusion	noun	2.48
anisotropic	adjective	2.48
mccarthyism	noun	2.48
oxygenation	noun	2.48
precambrian	noun	2.48
tetracycline	noun	2.48
arca	noun	2.47
heme	noun	2.47
aedes	noun	2.47
lasik	noun	2.47
penne	noun	2.47
bratty	adjective	2.47
brevet	verb	2.47
dorsum	noun	2.47
jitter	noun	2.47
lemony	adjective	2.47
fuscous	adjective	2.47
kestrel	noun	2.47
mishnah	noun	2.47
petiole	noun	2.47
speculum	noun	2.47
uncapped	adjective	2.47
anatolian	noun	2.47
antenatal	adjective	2.47
kissimmee	noun	2.47
memoranda	noun	2.47
unrefined	adjective	2.47
uppercase	noun	2.47
cerebellar	adjective	2.47
clydesdale	noun	2.47
kinematics	noun	2.47
reflectance	noun	2.47
hydrodynamic	adjective	2.47
randomization	noun	2.47
sociocultural	adjective	2.47
adenocarcinoma	noun	2.47
capitalisation	noun	2.47
generalisation	noun	2.47
thermoelectric	adjective	2.47
ards	noun	2.46
arles	noun	2.46
emote	verb	2.46
manse	noun	2.46
bahasa	noun	2.46
haptic	adjective	2.46
spline	noun	2.46
biliary	adjective	2.46
candour	noun	2.46
choline	noun	2.46
diploid	noun	2.46
sinhala	noun	2.46
springy	adjective	2.46
streaky	adjective	2.46
basaltic	adjective	2.46
moldovan	adjective	2.46
rarefied	adjective	2.46
redshift	noun	2.46
oligocene	noun	2.46
sandpiper	noun	2.46
volcanism	noun	2.46
andalusian	adjective	2.46
certiorari	noun	2.46
coleoptera	noun	2.46
telegraphy	noun	2.46
cartographic	adjective	2.46
immunisation	noun	2.46
psychometric	adjective	2.46
actualization	noun	2.46
deliciousness	noun	2.46
polyunsaturated	adjective	2.46
reproducibility	noun	2.46
pharmacokinetics	noun	2.46
akan	noun	2.45
weft	noun	2.45
ambit	noun	2.45
codon	noun	2.45
prise	verb	2.45
purim	noun	2.45
zippo	noun	2.45
pashto	noun	2.45
solent	noun	2.45
tannin	noun	2.45
cannula	noun	2.45
newgate	noun	2.45
populus	noun	2.45
proline	noun	2.45
topmost	adjective	2.45
unlearn	verb	2.45
valance	noun	2.45
zambezi	noun	2.45
aldehyde	noun	2.45
brougham	noun	2.45
corsican	adjective	2.45
finalise	verb	2.45
formless	adjective	2.45
milkweed	noun	2.45
mycelium	noun	2.45
ramayana	noun	2.45
carrefour	noun	2.45
flatbread	noun	2.45
illiberal	adjective	2.45
quartzite	noun	2.45
bolshevism	noun	2.45
lacklustre	adjective	2.45
matterhorn	noun	2.45
equidistant	adjective	2.45
retinopathy	noun	2.45
localisation	noun	2.45
philological	adjective	2.45
universalism	noun	2.45
photojournalism	noun	2.45
duomo	noun	2.44
loach	noun	2.44
regrow	verb	2.44
specie	noun	2.44
benelux	noun	2.44
harried	adjective	2.44
rosales	noun	2.44
sciatic	adjective	2.44
sessile	adjective	2.44
tabular	adjective	2.44
unpaved	adjective	2.44
verbose	adjective	2.44
galician	noun	2.44
impeller	noun	2.44
mahayana	noun	2.44
actuation	noun	2.44
aliphatic	adjective	2.44
customise	verb	2.44
helvetica	noun	2.44
stalinism	noun	2.44
unpainted	adjective	2.44
excitatory	adjective	2.44
gorgeously	adverb	2.44
torchlight	noun	2.44
kalashnikov	noun	2.44
semantically	adverb	2.44
cyanobacteria	noun	2.44
trigonometric	adjective	2.44
chon	noun	2.43
kava	noun	2.43
neem	noun	2.43
suet	noun	2.43
krone	noun	2.43
sprig	noun	2.43
bataan	noun	2.43
dative	noun	2.43
elvish	adjective	2.43
matric	noun	2.43
testis	noun	2.43
yarder	noun	2.43
formica	noun	2.43
leucine	noun	2.43
macaque	noun	2.43
ellipsis	noun	2.43
japonica	noun	2.43
legalise	verb	2.43
tartarus	noun	2.43
empathise	verb	2.43
fundraise	verb	2.43
germanium	noun	2.43
autologous	adjective	2.43
ecotourism	noun	2.43
glasshouse	noun	2.43
lemongrass	noun	2.43
smokehouse	noun	2.43
eschatology	noun	2.43
resistivity	noun	2.43
hemodialysis	noun	2.43
underemployed	adjective	2.43
decolonization	noun	2.43
transliteration	noun	2.43
decentralisation	noun	2.43
fils	noun	2.42
glans	noun	2.42
pitta	noun	2.42
rioja	noun	2.42
trike	noun	2.42
baikal	noun	2.42
bitmap	noun	2.42
corvus	noun	2.42
ebbing	noun	2.42
kachin	noun	2.42
bipedal	adjective	2.42
cession	noun	2.42
pilsner	noun	2.42
svoboda	noun	2.42
tannery	noun	2.42
tremolo	noun	2.42
arbitral	adjective	2.42
genovese	adjective	2.42
ribosome	noun	2.42
castilian	noun	2.42
eclampsia	noun	2.42
sinusitis	noun	2.42
unadorned	adjective	2.42
chaplaincy	noun	2.42
frictional	adjective	2.42
homoerotic	adjective	2.42
propulsive	adjective	2.42
hexadecimal	adjective	2.42
plantagenet	noun	2.42
commissariat	noun	2.42
misalignment	noun	2.42
catastrophically	adverb	2.42
fuze	noun	2.41
nisi	adjective	2.41
meuse	noun	2.41
varus	noun	2.41
yazoo	noun	2.41
zesty	adjective	2.41
nicene	adjective	2.41
shisha	noun	2.41
slushy	adjective	2.41
sufism	noun	2.41
tibial	adjective	2.41
clinker	verb	2.41
columba	noun	2.41
elegiac	adjective	2.41
littler	adjective	2.41
sultana	noun	2.41
vulgate	noun	2.41
adorably	adverb	2.41
axillary	adjective	2.41
dropkick	verb	2.41
futurity	noun	2.41
helpdesk	noun	2.41
peduncle	noun	2.41
reuptake	noun	2.41
striatum	noun	2.41
unforced	adjective	2.41
artemisia	noun	2.41
anteriorly	adverb	2.41
eliminator	noun	2.41
stillbirth	noun	2.41
monongahela	noun	2.41
zooplankton	noun	2.41
promulgation	noun	2.41
reflectivity	noun	2.41
calcification	noun	2.41
factorization	noun	2.41
asio	noun	2.40
panto	noun	2.40
ageism	noun	2.40
labial	noun	2.40
marmot	noun	2.40
pogrom	noun	2.40
ketosis	noun	2.40
reticle	noun	2.40
seawall	noun	2.40
columnar	adjective	2.40
honeypot	noun	2.40
nanotube	noun	2.40
oxbridge	noun	2.40
ritually	adverb	2.40
trillium	noun	2.40
adiabatic	adjective	2.40
catskills	noun	2.40
maximally	adverb	2.40
oestrogen	noun	2.40
synchrony	noun	2.40
untainted	adjective	2.40
asceticism	noun	2.40
biogenesis	noun	2.40
deputation	noun	2.40
fibroblast	noun	2.40
methylated	adjective	2.40
canonically	adverb	2.40
carbonation	noun	2.40
deprecation	noun	2.40
exportation	noun	2.40
lithosphere	noun	2.40
conservatoire	noun	2.40
geostationary	adjective	2.40
tala	noun	2.39
ligne	noun	2.39
piste	noun	2.39
ulnar	adjective	2.39
umber	noun	2.39
umbra	noun	2.39
vagus	noun	2.39
clonal	adjective	2.39
floaty	adjective	2.39
ginkgo	noun	2.39
shrike	noun	2.39
upwind	adjective	2.39
bluefin	noun	2.39
saltire	noun	2.39
twinkie	noun	2.39
wavelet	noun	2.39
conjunct	adjective	2.39
rhinitis	noun	2.39
urethral	adjective	2.39
airstream	noun	2.39
unashamed	adjective	2.39
steelworks	noun	2.39
unnumbered	adjective	2.39
adirondacks	noun	2.39
diamondback	noun	2.39
evaporative	adjective	2.39
lamentation	noun	2.39
rangefinder	noun	2.39
regionalism	noun	2.39
breathalyzer	noun	2.39
carbonaceous	adjective	2.39
glioblastoma	noun	2.39
hypnotherapy	noun	2.39
regurgitation	noun	2.39
saccharomyces	noun	2.39
sensitization	noun	2.39
sterilisation	noun	2.39
supercritical	adjective	2.39
evolutionarily	adverb	2.39
gastroenteritis	noun	2.39
aves	noun	2.38
risc	noun	2.38
titi	noun	2.38
talus	noun	2.38
xxvii	noun	2.38
instil	verb	2.38
seidel	noun	2.38
chicane	verb	2.38
palatal	noun	2.38
seabird	noun	2.38
cationic	adjective	2.38
enthalpy	noun	2.38
sidewall	noun	2.38
toilette	noun	2.38
crankcase	noun	2.38
publicise	verb	2.38
tarpaulin	noun	2.38
tesseract	noun	2.38
titration	noun	2.38
cantonment	noun	2.38
nephrology	noun	2.38
okeechobee	noun	2.38
uncultured	adjective	2.38
orientalism	noun	2.38
relatedness	noun	2.38
tonsillitis	noun	2.38
triceratops	noun	2.38
uncommitted	adjective	2.38
feminization	noun	2.38
prolongation	noun	2.38
hydraulically	adverb	2.38
unconstrained	adjective	2.38
conjunctivitis	noun	2.38
rationalisation	noun	2.38
edta	noun	2.37
muon	noun	2.37
paye	noun	2.37
xxvi	noun	2.37
clade	noun	2.37
fugly	adjective	2.37
mylar	noun	2.37
sooth	noun	2.37
belsen	noun	2.37
chabad	noun	2.37
florin	noun	2.37
iambic	noun	2.37
minden	noun	2.37
scummy	adjective	2.37
valois	noun	2.37
firebox	noun	2.37
hardtop	noun	2.37
midriff	noun	2.37
proxima	noun	2.37
binaural	adjective	2.37
capuchin	noun	2.37
flatiron	noun	2.37
postpaid	adjective	2.37
sulphide	noun	2.37
allegiant	adjective	2.37
analgesia	noun	2.37
glaringly	adverb	2.37
hydrangea	noun	2.37
outdoorsy	adjective	2.37
parnassus	noun	2.37
secretory	adjective	2.37
absorbance	noun	2.37
anisotropy	noun	2.37
bottlenose	noun	2.37
glycolysis	noun	2.37
pentateuch	noun	2.37
proteomics	noun	2.37
unpolished	adjective	2.37
untethered	adjective	2.37
attentional	adjective	2.37
melancholia	noun	2.37
omniscience	noun	2.37
prepackaged	adjective	2.37
typographic	adjective	2.37
unvaccinated	adjective	2.37
fractionation	noun	2.37
magnetosphere	noun	2.37
maxillofacial	adjective	2.37
neuroblastoma	noun	2.37
quadrilateral	noun	2.37
secularization	noun	2.37
ghat	noun	2.36
kith	noun	2.36
sess	noun	2.36
iliac	adjective	2.36
qiang	noun	2.36
clorox	noun	2.36
