loathsome	adjective	2.71	L OW1 DH S AH0 M	causing or able to cause nausea
lode	noun	2.71	L OW1 D	a deposit of valuable ore occurring within definite boundaries separating it from surrounding rocks
maharaja	noun	2.71	M AA2 HH ER0 AA1 ZH AH2	a great raja; a Hindu prince or king in India ranking above a raja
matriarch	noun	2.71	M EY1 T R IY0 AA2 R K	a female head of a family or tribe
mauve	noun	2.71	M AO1 V	a moderate purple
modicum	noun	2.71	M AA1 D IH0 K AH0 M	a small or moderate or token amount; - Ian Jack
mouthwash	noun	2.71	M AW1 TH W AA2 SH	a medicated solution used for gargling and rinsing the mouth
mujahideen	noun	2.71	M UW2 JH AH0 HH EH0 D IY1 N	a military force of Muslim guerilla warriors engaged in a jihad
omniscient	adjective	2.71	AA0 M N IH1 SH AH0 N T	infinitely wise
origination	noun	2.71	ER0 IH2 JH AH0 N EY1 SH AH0 N	an event that is a beginning; a first part or stage of subsequent events
overpopulation	noun	2.71	OW2 V ER0 P AA2 P Y AH0 L EY1 SH AH0 N	too much population
overshadow	verb	2.71	OW1 V ER0 SH AE1 D OW0	be greater in significance than
pacer	noun	2.71	P EY1 S ER0	a horse used to set the pace in racing
pedicure	noun	2.71	P EH1 D IH0 K Y ER0	professional care for the feet and toenails
postmodernism	noun	2.71	P OW2 S T M AA1 D ER0 N IH2 Z AH0 M	genre of art and literature and especially architecture in reaction against principles and practices of established modernism
pothole	noun	2.71	P AA1 T HH OW2 L	a pit or hole produced by wear or weathering (especially in a road surface)
primeval	adjective	2.71	P R AY0 M IY1 V AH0 L	having existed from the beginning; in an earliest or original stage or state
procrastinate	verb	2.71	P R AH0 K R AE1 S T AH0 N EY2 T	postpone doing what one should be doing
promiscuity	noun	2.71	P R OW2 M IH0 S K Y UW1 AH0 T IY0	indulging in promiscuous (casual and indiscriminate) sexual relations
purplish	adjective	2.71	P ER1 P L IH0 SH	of a color intermediate between red and blue
rabbinic	adjective	2.71	R AH0 B IH1 N IH0 K	of or relating to rabbis or their teachings
rationalization	noun	2.71	R AE2 SH AH0 N AH0 L IH0 Z EY1 SH AH0 N	the cognitive process of making something seem consistent with or based on reason
ravel	noun	2.71	R AE1 V AH0 L	a row of unravelled stitches
reachable	adjective	2.71	R IY1 CH AH0 B AH0 L	easily approached
reintroduce	verb	2.71	R IY2 IH0 N T R AH0 D UW1 S	introduce anew
reintroduction	noun	2.71	R IY2 IH0 N T R AH0 D AH1 K SH AH0 N	an act of renewed introduction
rekindle	verb	2.71	R IY0 K IH1 N D AH0 L	kindle anew, as of a fire
reposition	noun	2.71	R IY2 P AH0 Z IH1 SH AH0 N	depositing in a warehouse
revulsion	noun	2.71	R IH0 V AH1 L SH AH0 N	intense aversion
rubicon	noun	2.71	R UW1 B IH0 K AO0 N	a line that when crossed permits of no return and typically results in irrevocable commitment
savant	noun	2.71	S AH0 V AA1 N T	someone who has been admitted to membership in a scholarly field
scape	noun	2.71	S K EY1 P	erect leafless flower stalk growing directly from the ground as in a tulip
slop	noun	2.71	S L AA1 P	wet feed (especially for pigs) consisting of mostly kitchen waste mixed with water or skimmed or sour milk
subsidence	noun	2.71	S AH0 B S AY1 D AH0 N S	an abatement in intensity or degree (as in the manifestations of a disease)
sump	noun	2.71	S AH1 M P	an oil reservoir in an internal combustion engine
symbiosis	noun	2.71	S IH2 M B AY0 OW1 S AH0 S	the relation between two different species of organisms that are interdependent; each gains benefits from the other
taos	noun	2.71	T AW1 Z	an adherent of any branch of Taoism
taster	noun	2.71	T EY1 S T ER0	someone who samples food or drink for its quality
tectonics	noun	2.71	T EH0 K T AA1 N IH0 K S	the science of architecture
tepid	adjective	2.71	T EH1 P IH0 D	moderately warm
thicken	verb	2.71	TH IH1 K AH0 N	make thick or thicker
tripe	noun	2.71	T R AY1 P	lining of the stomach of a ruminant (especially a bovine) used as food
unafraid	adjective	2.71	AH2 N AH0 F R EY1 D	oblivious of dangers or perils or calmly resolute in facing them
unambiguously	adverb	2.71	AH0 N AE0 M B IH1 G Y UW0 AH0 S L IY0	in an unambiguous manner
unenforceable	adjective	2.71	AH2 N EH0 N F AO1 R S AH0 B AH0 L	not enforceable; not capable of being brought about by compulsion
uninhabitable	adjective	2.71	AH2 N IH0 N HH AE1 B AH0 T AH0 B AH0 L	not fit for habitation
vats	noun	2.71	V AE1 T S	a tax levied on the difference between a commodity's price before taxes and its cost of production
waxy	adjective	2.71	W AE1 K S IY0	made of or covered with wax
winkle	noun	2.71	W IH1 NG K AH0 L	small edible marine snail; steamed in wine or baked
yeoman	noun	2.71	Y OW1 M AH0 N	officer in the (ceremonial) bodyguard of the British monarch
