conga	noun	2.67	K AO1 NG G AH0	music composed for dancing the conga
salvia	noun	2.67	S AE1 L V IY0 AH0	any of various plants of the genus Salvia; a cosmopolitan herb
segregate	noun	2.67	S EH1 G R AH0 G EY2 T	someone who is or has been segregated
spastic	noun	2.67	S P AE1 S T IH0 K	a person suffering from spastic paralysis
wilfully	adverb	2.67	W IH1 L F AH0 L IY0	in a willful manner
yeshiva	noun	2.67	Y IH0 SH IY1 V AH0	an academy for the advanced study of Jewish texts (primarily the Talmud)
zany	noun	2.67	Z EY1 N IY0	a buffoon in one of the old comedies; imitates others for ludicrous effect
alarmingly	adverb	2.66	AH0 L AA1 R M IH0 NG L IY0	in an alarming manner
arguable	adjective	2.66	AA1 R G Y UW0 AH0 B AH0 L	capable of being supported by argument
bide	verb	2.66	B AY1 D	dwell
bisexuality	noun	2.66	B AY2 S EH0 K SH UW0 AE1 L AH0 T IY0	showing characteristics of both sexes
biweekly	noun	2.66	B AY0 W IY1 K L IY0	a periodical that is published twice a week or every two weeks (either 104 or 26 issues per year)
breadwinner	noun	2.66	B R EH1 D W IH2 N ER0	one whose earnings are the primary source of support for their dependents
cardiomyopathy	noun	2.66	K AA2 R D IY0 OW0 M AY0 AA1 P AH0 TH IY0	a disorder (usually of unknown origin) of the heart muscle (myocardium)
constitutive	adjective	2.66	K AA2 N S T IH1 T UW0 T IH2 V	constitutional in the structure of something (especially your physical makeup)
coolly	adverb	2.66	K UW1 L IY0	in a composed and unconcerned manner
coronal	noun	2.66	K ER0 OW1 N AH0 L	flower arrangement consisting of a circular band of foliage or flowers for ornamental purposes
counterweight	noun	2.66	K AW1 N T ER0 W EY2 T	a weight that balances another weight
coupler	noun	2.66	K AH1 P L ER0	a mechanical device that serves to connect the ends of adjacent objects
curable	adjective	2.66	K Y UH1 R AH0 B AH0 L	curing or healing is possible
curative	noun	2.66	K Y UH1 R AH0 T IH0 V	a medicine or therapy that cures disease or relieve pain
cushy	adjective	2.66	K UH1 SH IY0	not burdensome or demanding; borne or done easily and without hardship
deuterium	noun	2.66	D UW0 T IY1 R IY0 AH0 M	an isotope of hydrogen which has one neutron (as opposed to zero neutrons in hydrogen)
disconnection	noun	2.66	D IH2 S K AH0 N EH1 K SH AH0 N	state of being disconnected
endoscopic	adjective	2.66	EH2 N D OW0 S K AA1 P IH0 K	of or relating to endoscopy
excavate	verb	2.66	EH1 K S K AH0 V EY2 T	recover through digging
fallback	noun	2.66	F AO1 L B AE2 K	to break off a military action with an enemy
fess	noun	2.66	F EH1 S	(heraldry) an ordinary consisting of a broad horizontal band across a shield
firebird	noun	2.66	F AY1 ER0 B ER2 D	the male is bright red with black wings and tail
gaffe	noun	2.66	G AE1 F	a socially awkward or tactless act
glitz	noun	2.66	G L IH1 T S	tasteless showiness
gridiron	noun	2.66	G R IH1 D AY2 ER0 N	a cooking utensil of parallel metal bars; used to grill fish or meat
haggis	noun	2.66	HH AE1 G AH0 S	made of sheep's or calf's viscera minced with oatmeal and suet and onions and boiled in the animal's stomach
hoarse	adjective	2.66	HH AO1 R S	deep and harsh sounding as if from shouting or illness or emotion; ; ; ; - Virgil Thomson
hydrographic	adjective	2.66	HH AY2 D R AH0 G R AE1 F IH0 K	of or relating to the science of hydrography
illegality	noun	2.66	IH2 L IY0 G AE1 L IH0 T IY0	unlawfulness by virtue of violating some legal statute
infanticide	noun	2.66	IH2 N F AE1 N T AH0 S AY2 D	a person who murders an infant
inoculation	noun	2.66	IH2 N AA2 K Y AH0 L EY1 SH AH0 N	taking a vaccine as a precaution against contracting a disease
inordinate	adjective	2.66	IH2 N AO1 R D AH0 N IH0 T	beyond normal limits
insensitivity	noun	2.66	IH2 N S EH2 N S AH0 T IH1 V AH0 T IY0	the inability to respond to affective changes in your interpersonal environment
insincere	adjective	2.66	IH2 N S IH0 N S IH1 R	lacking sincerity
instigator	noun	2.66	IH1 N S T AH0 G EY2 T ER0	someone who deliberately foments trouble
isotopic	adjective	2.66	AY2 S AH0 T AA1 P IH0 K	of or relating to or having the relation of an isotope
leeward	noun	2.66	L IY1 W ER0 D	the direction in which the wind is blowing
lustful	adjective	2.66	L AH1 S T F AH0 L	characterized by lust
lustrous	adjective	2.66	L AH1 S T R AH0 S	made smooth and bright by or as if by rubbing; reflecting a sheen or glow
mosh	verb	2.66	M AO1 SH	dance the slam dance
newscast	noun	2.66	N UW1 Z K AE2 S T	a broadcast of news or commentary on the news
nonverbal	adjective	2.66	N AA0 N V ER1 B AH0 L	being other than verbal communication
orchestrate	verb	2.66	AO1 R K IH0 S T R EY2 T	write an orchestra score for
overprotective	adjective	2.66	OW2 V ER0 P R AH0 T EH1 K T AH0 V	overly protective
panache	noun	2.66	P AH0 N AA1 SH	distinctive and stylish elegance
panelist	noun	2.66	P AE1 N AH0 L AH0 S T	a member of a panel
participle	noun	2.66	P AA1 R T IH0 S IH2 P AH0 L	a non-finite form of the verb; in English it is used adjectivally and to form compound tenses
pathetically	adverb	2.66	P AH0 TH EH1 T IH0 K AH0 L IY0	in a manner arousing sympathy and compassion
pedantic	adjective	2.66	P AH0 D AE1 N T IH0 K	marked by a narrow focus on or display of learning especially its trivial aspects
perturbation	noun	2.66	P ER2 T ER0 B EY1 SH AH0 N	an unhappy and worried mental state
phage	noun	2.66	F EY1 JH	a virus that is parasitic (reproduces itself) in bacteria
phallic	adjective	2.66	F AE1 L IH0 K	relating to a phallus especially as an embodiment of generative power
phonology	noun	2.66	F AH0 N AA1 L AH0 JH IY2	the study of the sound system of a given language and the analysis and classification of its phonemes
pocketbook	noun	2.66	P AA1 K AH0 T B UH2 K	your personal financial means
prescient	adjective	2.66	P R EH1 S IY0 AH0 N T	perceiving the significance of events before they occur; -R.H.Rovere
puffin	noun	2.66	P AH1 F IH2 N	any of two genera of northern seabirds having short necks and brightly colored compressed bills
reefer	noun	2.66	R IY1 F ER0	marijuana leaves rolled into a cigarette for smoking
refrigerant	noun	2.66	R IH0 F R IH1 JH ER0 AH0 N T	any substance used to provide cooling (as in a refrigerator)
remarry	verb	2.66	R IY0 M EH1 R IY0	marry, not for the first time
resiliency	noun	2.66	R IH0 Z IH1 L Y AH0 N S IY0	an occurrence of rebounding or springing back
rockabilly	noun	2.66	R AA1 K AH0 B IH2 L IY0	a fusion of black music and country music that was popular in the 1950s; sometimes described as blues with a country beat
sedimentation	noun	2.66	S EH2 D AH0 M AH0 N T EY1 SH AH0 N	the phenomenon of sediment or gravel accumulating
shirk	verb	2.66	SH ER1 K	avoid (one's assigned duties)
spellbound	verb	2.66	S P EH1 L B AW2 N D	to render motionless, as with a fixed stare or by arousing terror or awe
spiel	noun	2.66	S P IY1 L	plausible glib talk (especially useful to a salesperson)
spunk	noun	2.66	S P AH1 NG K	material for starting a fire
strident	adjective	2.66	S T R AY1 D AH0 N T	conspicuously and offensively loud; given to vehement outcry
swank	noun	2.66	S W AE1 NG K	elegance by virtue of being fashionable
tradeoff	noun	2.66	T R EY1 D AO2 F	an exchange that occurs as a compromise
tritium	noun	2.66	T R IH1 T IY0 AH0 M	a radioactive isotope of hydrogen; atoms of tritium have three times the mass of ordinary hydrogen atoms
tubby	adjective	2.66	T AH1 B IY0	short and plump
twill	noun	2.66	T W IH1 L	a weave used to produce the effect of parallel diagonal ribs
ubiquity	noun	2.66	Y UW0 B IH1 K W IH0 T IY0	the state of being everywhere at once (or seeming to be everywhere at once)
unaccountable	adjective	2.66	AH2 N AH0 K AW1 N T AH0 B AH0 L	not to be accounted for or explained
underfoot	adverb	2.66	AH2 N D ER0 F UH1 T	under the feet
unevenly	adverb	2.66	AH0 N IY1 V AH0 N L IY0	in an uneven and irregular way
unknowable	adjective	2.66	AH0 N N OW1 AH0 B AH0 L	not knowable
unreachable	adjective	2.66	AH0 N R IY1 CH AH0 B AH0 L	inaccessibly located or situated
acetic	adjective	2.65	AH0 S EH1 T IH0 K	relating to or containing acetic acid
anise	noun	2.65	AE1 N AH0 S	native to Egypt but cultivated widely for its aromatic seeds and the oil from them used medicinally and as a flavoring in cookery
balsam	noun	2.65	B AO1 L S AH0 M	any seed plant yielding balsam
bobble	noun	2.65	B AO1 B AH0 L	the momentary juggling of a batted or thrown baseball
bola	noun	2.65	B OW1 L AH0	a cord fastened around the neck with an ornamental clasp and worn as a necktie
boxy	adjective	2.65	B AA1 K S IY0	resembling a box in rectangularity
cinch	noun	2.65	S IH1 N CH	any undertaking that is easy to do
cirrus	noun	2.65	S IH1 R AH0 S	usually coiled
commonsense	adjective	2.65	K AA2 M AH0 N S EH1 N S	exhibiting native good judgment
conjugal	adjective	2.65	K AA1 N JH AH0 G AH0 L	of or relating to marriage or to the relationship between a wife and husband
courageously	adverb	2.65	K ER0 EY1 JH AH0 S L IY0	in a courageous manner
covalent	adjective	2.65	K OW0 V AA1 L AH0 N T	of or relating to or characterized by covalence
crawfish	noun	2.65	K R AO1 F IH2 SH	tiny lobster-like crustaceans usually boiled briefly
dandruff	noun	2.65	D AE1 N D R AH0 F	a condition in which white scales of dead skin are shed by the scalp
deductive	adjective	2.65	D IH0 D AH1 K T AH0 V	relating to logical deduction
devalue	verb	2.65	D IH0 V AE1 L Y UW2	remove the value from; deprive of its value
dingle	noun	2.65	D IH1 NG G AH0 L	a small wooded hollow
diphtheria	noun	2.65	D IH0 F TH IH1 R IY0 AA0	acute contagious infection caused by the bacterium Corynebacterium diphtheriae; marked by the formation of a false membrane in the throat and other air passages causing difficulty in breathing
disturbingly	adverb	2.65	D IH0 S T ER1 B IH0 NG L IY0	in a disturbing manner
doer	noun	2.65	D UW1 R	a person who acts and gets things done
downsize	verb	2.65	D AW1 N S AY2 Z	dismiss from work
epidermal	adjective	2.65	EH2 P AH0 D ER1 M AH0 L	of or relating to a cuticle or cuticula
extraordinaire	adjective	2.65	EH2 K S T R AH0 AO1 R D IH0 N EH2 R	extraordinary in a particular capacity
featherweight	noun	2.65	F EH1 DH ER0 W EY2 T	an amateur boxer who weighs no more than 126 pounds
forthwith	adverb	2.65	F AO1 R TH W IH1 TH	without delay or hesitation; with no time intervening
glint	noun	2.65	G L IH1 N T	a momentary flash of light
grog	noun	2.65	G R AA1 G	rum cut with water
haggle	noun	2.65	HH AE1 G AH0 L	an instance of intense argument (as in bargaining)
halcyon	noun	2.65	HH AE1 L S IY0 AH0 N	a large kingfisher widely distributed in warmer parts of the Old World
handicraft	noun	2.65	HH AE1 N D IY0 K R AE2 F T	a work produced by hand labor
harshness	noun	2.65	HH AA1 R SH N AH0 S	the roughness of a substance that causes abrasions
instigation	noun	2.65	IH2 N S T IH0 G EY1 SH AH0 N	the verbal act of urging on
irresponsibility	noun	2.65	IH2 R AH0 S P AA2 N S AH0 B IH1 L AH0 T IY0	a form of untrustworthiness; the trait of lacking a sense of responsibility and not feeling accountable for your actions
letdown	noun	2.65	L EH1 T D AW2 N	a feeling of dissatisfaction that results when your expectations are not realized
libretto	noun	2.65	L AH0 B R EH1 T OW0	the words of an opera or musical play
lipoprotein	noun	2.65	L IH2 P AH0 P R OW1 T IY0 N	a conjugated protein having a lipid component; the principal means for transporting lipids in the blood
malignancy	noun	2.65	M AH0 L IH1 G N AH0 N S IY0	(medicine) a malignant state; progressive and resistant to treatment and tending to cause death
marginalization	noun	2.65	M AA2 R JH AH0 N AH0 L AH0 Z EY1 SH AH0 N	the social process of becoming or being made marginal (especially as a group within the larger society)
marshy	adjective	2.65	M AA1 R SH IY0	(of soil) soft and watery
mercifully	adverb	2.65	M ER1 S IH0 F AH0 L IY2	in a compassionate manner
misrepresent	verb	2.65	M IH0 S R EH2 P R AH0 Z EH1 N T	represent falsely
octagonal	adjective	2.65	AA0 K T AE1 G AH0 N AH0 L	of or relating to or shaped like an octagon
oldie	noun	2.65	OW1 L D IY0	a song that was formerly popular
operable	adjective	2.65	AA1 P ER0 AH0 B AH0 L	capable of being treated by surgical operation
pacifism	noun	2.65	P AE1 S IH0 F IH2 Z AH0 M	the doctrine that all violence is unjustifiable
postnatal	adjective	2.65	P OW2 S T N EY1 T AH0 L	occurring immediately after birth
preferentially	adverb	2.65	P R EH2 F ER0 EH1 N SH AH0 L IY0	in a preferential manner
prelate	noun	2.65	P R EH1 L IH0 T	a senior clergyman and dignitary
proportionality	noun	2.65	P R AH0 P AO2 R SH AH0 N AE1 L IH0 T IY0	a ratio of two quantities that is constant
proportionately	adverb	2.65	P R AH0 P AO1 R SH AH0 N AH0 T L IY0	to a proportionate degree
provident	adjective	2.65	P R AA1 V IH0 D AH0 N T	providing carefully for the future
quantifiable	adjective	2.65	K W AA2 N T IH0 F AY1 AH0 B EH0 L	capable of being quantified
religiosity	noun	2.65	R IH0 L IH2 JH IY0 AA1 S AH0 T IY0	exaggerated or affected piety and religious zeal
reportage	noun	2.65	R IH0 P AO1 R T IH0 JH	the news as presented by reporters for newspapers or radio or television
roebuck	noun	2.65	R OW1 B AH2 K	male roe deer
scheduler	noun	2.65	S K EH1 JH UH0 L ER0	computer hardware that arranges jobs to be done by the computer in an appropriate order
screamer	noun	2.65	S K R IY1 M ER0	someone who communicates vocally in a very loud voice
shimmy	noun	2.65	SH IH1 M IY0	an abnormal wobble in a motor vehicle (especially in the front wheels)
sleaze	noun	2.65	S L IY1 Z	tastelessness by virtue of being cheap and vulgar
staphylococcus	noun	2.65	S T AE2 F AH0 L AH0 K AO1 K AH0 S	spherical Gram-positive parasitic bacteria that tend to form irregular colonies; some cause boils or septicemia or infections
stockman	noun	2.65	S T AA1 K M AH0 N	farmer who breed or raises livestock
stylistically	adverb	2.65	S T AY0 L IH1 S T IH0 K L IY0	in a rhetorically stylistic manner
thereabouts	adverb	2.65	DH EH2 R AH0 B AW1 T S	near that time or date
thrasher	noun	2.65	TH R AE1 SH ER0	a farm machine for separating seeds or grain from the husks and straw
tinsel	noun	2.65	T IH1 N S AH0 L	a showy decoration that is basically valueless
tortuous	adjective	2.65	T AO1 R CH AH0 W AH0 S	highly complex or intricate and occasionally devious; ; ; ; ; ; ; ; - Sir Walter Scott
toughen	verb	2.65	T AH1 F AH0 N	make tough or tougher
triumphal	adjective	2.65	T R AY0 AH1 M F AH0 L	relating to or celebrating a triumph
typology	noun	2.65	T AY2 P OW1 L AH0 G IH2	classification according to general type
uncooperative	adjective	2.65	AH0 N K OW0 AA1 P ER0 AH0 T IH0 V	unwilling to cooperate
unobtrusive	adjective	2.65	AH2 N AH0 B T R UW1 S IH0 V	not obtrusive or undesirably noticeable
vignette	noun	2.65	V IH0 N Y EH1 T	a brief literary description
vulgarity	noun	2.65	V AH0 L G EH1 R IH0 T IY0	the quality of lacking taste and refinement
wanderlust	noun	2.65	W AA1 N D ER0 L AH2 S T	very strong or irresistible impulse to travel
wattage	noun	2.65	W AA1 T AH0 JH	the product of voltage and current
weightless	adjective	2.65	W EY1 T L AH0 S	having little or no weight or apparent gravitational pull; light
yucca	noun	2.65	Y AH1 K AH0	any of several evergreen plants of the genus Yucca having usually tall stout stems and a terminal cluster of white flowers; warmer regions of North America
amoeba	noun	2.64	AH0 M IY1 B AH0	naked freshwater or marine or parasitic protozoa that form temporary pseudopods for feeding and locomotion
coldness	noun	2.64	K OW1 L D N AH0 S	the sensation produced by low temperatures
coleslaw	noun	2.64	K OW1 L S L AA2	basically shredded cabbage
collard	noun	2.64	K AA1 L ER0 D	variety of kale having smooth leaves
committal	noun	2.64	K AH0 M IH1 T AH0 L	the official act of consigning a person to confinement (as in a prison or mental hospital)
cosmetology	noun	2.64	K AA2 Z M AH0 T AA1 L AH0 JH IY0	the practice of beautifying the face and hair and skin
courtier	noun	2.64	K AO1 R T IY0 ER0	an attendant at the court of a sovereign
crag	noun	2.64	K R AE1 G	a steep rugged rock or cliff
dachshund	noun	2.64	D AA1 K S HH UH2 N D	small long-bodied short-legged German breed of dog having a short sleek coat and long drooping ears; suited for following game into burrows
deadpan	adjective	2.64	D EH1 D P AE2 N	deliberately impassive in manner
dolomite	noun	2.64	D OW1 L AH0 M AY2 T	a kind of sedimentary rock resembling marble or limestone but rich in magnesium carbonate
doze	noun	2.64	D OW1 Z	a light fitful sleep
elongation	noun	2.64	IY2 L AO0 NG G EY1 SH AH0 N	the quality of being elongated
escapism	noun	2.64	IH0 S K EY1 P IH2 Z AH0 M	an inclination to retreat from unpleasant realities through diversion or fantasy
expropriation	noun	2.64	EH2 K S P R OW2 P R IY0 EY1 SH AH0 N	taking out of an owner's hands (especially taking property by public authority)
falafel	noun	2.64	F AH0 L AA1 F AH0 L	small croquette of mashed chick peas or fava beans seasoned with sesame seeds
fallacious	adjective	2.64	F AH0 L EY1 SH AH0 S	containing or based on a fallacy
fealty	noun	2.64	F IY1 AH0 L T IY0	the loyalty that citizens owe to their country (or subjects to their sovereign)
filial	adjective	2.64	F IH1 L IY0 AH0 L	designating the generation or the sequence of generations following the parental generation
flaccid	adjective	2.64	F L AE1 K S IH0 D	drooping without elasticity; wanting in stiffness
gastronomy	noun	2.64	G AE0 S T R AA1 N AH0 M IY0	a particular style of cookery (as of a region)
genteel	adjective	2.64	JH EH0 N T IY1 L	marked by refinement in taste and manners
glorification	noun	2.64	G L AO2 R AH0 F IH0 K EY1 SH AH0 N	a state of high honor
gratuity	noun	2.64	G R AH0 T UW1 IH0 T IY0	a relatively small amount of money given for services rendered (as by a waiter)
histamine	noun	2.64	HH IH1 S T AH0 M IY2 N	amine formed from histidine that stimulates gastric secretions and dilates blood vessels; released by the human immune system during allergic reactions
humanely	adverb	2.64	HH Y UW0 M EY1 N L IY0	in a humane manner
hyphen	noun	2.64	HH AY1 F AH0 N	a punctuation mark (-) used between parts of a compound word or between the syllables of a word when the word is divided at the end of a line of text
impregnable	adjective	2.64	IH2 M P R EH1 G N AH0 B AH0 L	immune to attack; incapable of being tampered with
impressionism	noun	2.64	IH2 M P R EH1 SH AH0 N IH2 Z AH0 M	a school of late 19th century French painters who pictured appearances by strokes of unmixed colors to give the impression of reflected light
indentation	noun	2.64	IH2 N D EH2 N T EY1 SH AH0 N	a concave cut into a surface or edge (as in a coastline)
inexorably	adverb	2.64	IH2 N EH1 K S ER0 AH0 B L IY0	in an inexorable manner
intercollegiate	adjective	2.64	IH2 N T ER0 K AH0 L IY1 JH AH0 T	used of competition between colleges or universities
interdependent	adjective	2.64	IH2 N T ER0 D IH0 P EH1 N D AH0 N T	mutually dependent
jiffy	noun	2.64	JH IH1 F IY0	a very short time (as the time it takes the eye to blink or the heart to beat)
ketone	noun	2.64	K IY1 T OW0 N	any of a class of organic compounds having a carbonyl group linked to a carbon atom in each of two hydrocarbon radicals
maim	verb	2.64	M EY1 M	injure or wound seriously and leave permanent disfiguration or mutilation
mamba	noun	2.64	M AA1 M B AH0	arboreal snake of central and southern Africa whose bite is often fatal
mammography	noun	2.64	M AH0 M AA1 G R AH0 F IY0	a diagnostic procedure to detect breast tumors by the use of X rays
maneuverability	noun	2.64	M AH0 N UW2 V ER0 AH0 B IH1 L IH0 T IY0	the quality of being maneuverable
mistrial	noun	2.64	M IH0 S T R AY1 AH0 L	a trial that is invalid or inconclusive
mossy	adjective	2.64	M AO1 S IY0	overgrown with moss
muslin	noun	2.64	M AH1 Z L AH0 N	plain-woven cotton fabric
myopic	adjective	2.64	M AY0 AA1 P IH0 K	unable to see distant objects clearly
noncommercial	adjective	2.64	N AA1 N K AH0 M ER1 SH AH0 L	not connected with or engaged in commercial enterprises
nondescript	noun	2.64	N AA1 N D IH0 S K R IH1 P T	a person is not easily classified and not very interesting
officiate	verb	2.64	AH0 F IH1 SH IY0 EY2 T	act in an official capacity in a ceremony or religious ritual, such as a wedding
outbid	verb	2.64	AW1 T B IH2 D	bid over an opponent's bid when one's partner has not bid or doubled
outgrowth	noun	2.64	AW1 T G R OW2 TH	a natural consequence of development
overreach	verb	2.64	OW1 V ER0 R IY2 CH	fail by aiming too high or trying too hard
pacifier	noun	2.64	P AE1 S AH0 F AY2 ER0	someone who tries to bring peace
pander	noun	2.64	P AE1 N D ER0	someone who procures customers for whores (in England they call a pimp a ponce)
patrician	noun	2.64	P AH0 T R IH1 SH AH0 N	a person of refined upbringing and manners
permutation	noun	2.64	P ER2 M Y UW0 T EY1 SH AH0 N	an event in which one thing is substituted for another
phenol	noun	2.64	F IY1 N AA0 L	any of a class of weakly acidic organic compounds; molecule contains one or more hydroxyl groups
phytoplankton	noun	2.64	F AY2 T OW0 P L AE1 NG T AH0 N	photosynthetic or plant constituent of plankton; mainly unicellular algae
pliable	adjective	2.64	P L AY1 AH0 B AH0 L	susceptible to being led or directed
polemic	noun	2.64	P AH0 L EH1 M IH0 K	a writer who argues in opposition to others (especially in theology)
ponderosa	noun	2.64	P AA2 N D ER0 OW1 S AH0	common and widely distributed tall timber pine of western North America having dark green needles in bunches of 2 to 5 and thick bark with dark brown plates when mature
positron	noun	2.64	P AA1 Z AH0 T R AA2 N	an elementary particle with positive charge; interaction of a positron and an electron results in annihilation
prewar	adjective	2.64	P R IY0 W AO1 R	existing or belonging to a time before a war
proviso	noun	2.64	P R AH0 V AY1 Z OW0	a stipulated condition
puffer	noun	2.64	P AH1 F ER0	delicacy that is highly dangerous because of a potent nerve poison in ovaries and liver
purport	noun	2.64	P ER1 P AO2 R T	the intended meaning of a communication
raspy	adjective	2.64	R AE1 S P IY0	unpleasantly harsh or grating in sound
recuperation	noun	2.64	R IH0 K UW2 P ER0 EY1 SH AH0 N	gradual healing (through rest) after sickness or injury
renunciation	noun	2.64	R IH0 N AH2 N S IY0 EY1 SH AH0 N	rejecting or disowning or disclaiming as invalid
retardant	noun	2.64	R IY0 T AA1 R D AH0 N T	any agent that retards or delays or hinders
ripen	verb	2.64	R AY1 P AH0 N	cause to ripen or develop fully
romaine	noun	2.64	R OW0 M EY1 N	lettuce with long dark-green leaves in a loosely packed elongated head
rucksack	noun	2.64	R AH1 K S AE2 K	a bag carried by a strap on your back or shoulder
schoolyard	noun	2.64	S K UW1 L Y AA2 R D	the yard associated with a school
seafront	noun	2.64	S IY1 F R AH0 N T	the waterfront of a seaside town
snazzy	adjective	2.64	S N AE1 Z IY0	flashily stylish
sorbet	noun	2.64	S AO2 R B EY1	an ice containing no milk but having a mushy consistency; usually made from fruit juice
spiny	adjective	2.64	S P AY1 N IY0	having spines
spreader	noun	2.64	S P R EH1 D ER0	a hand tool for spreading something
straightaway	noun	2.64	S T R EY1 T AH0 W EY2	a straight segment of a roadway or racecourse
timbre	noun	2.64	T IH1 M B ER0	(music) the distinctive property of a complex sound (a voice or noise or musical sound)
torrid	adjective	2.64	T AO1 R AH0 D	characterized by intense emotion
trestle	noun	2.64	T R EH1 S AH0 L	a supporting tower used to support a bridge
tuber	noun	2.64	T UW1 B ER0	a fleshy underground stem or root serving for reproductive and food storage
unbearably	adverb	2.64	AH0 N B EH1 R AH0 B L IY0	to an unbearable degree
unkempt	adjective	2.64	AH0 N K EH1 M P T	not neatly combed
upmarket	adjective	2.64	AH1 P M AA2 R K AH0 T	designed for consumers with high incomes; - New Yorker
upriver	adverb	2.64	AH2 P R IH1 V ER0	toward the source or against the current
uric	adjective	2.64	Y ER1 IH0 K	in or relating to or obtained from urine
wallaby	noun	2.64	W AA1 L AH0 B IY2	any of various small or medium-sized kangaroos; often brightly colored
winder	noun	2.64	W IH1 N D ER0	a worker who winds (e.g., a winch or clock or other mechanism)
worthiness	noun	2.64	W ER1 DH IY0 N IH0 S	the quality or state of having merit or value
yore	noun	2.64	Y AO1 R	time long past
anchorman	noun	2.63	AE1 NG K ER0 M AE2 N	a television reporter who coordinates a broadcast to which several correspondents contribute
applesauce	noun	2.63	AE1 P AH0 L S AO2 S	puree of stewed apples usually sweetened and spiced
bazooka	noun	2.63	B AH0 Z UW1 K AH0	a portable rocket launcher used by infantrymen as an antitank weapon
blankly	adverb	2.63	B L AE1 NG K L IY0	without expression; in a blank manner
bombastic	adjective	2.63	B AA0 M B AE1 S T IH0 K	ostentatiously lofty in style
closeup	noun	2.63	K L OW1 S AH1 P	a photograph taken at close range
competently	adverb	2.63	K AA1 M P AH0 T IH0 N T L IY0	with competence; in a competent capable manner
contrarian	noun	2.63	K AA2 N T R EH1 R IY0 AH0 N	an investor who deliberately decides to go against the prevailing wisdom of other investors
cordially	adverb	2.63	K AO1 R JH AH0 L IY0	in a hearty manner
crud	noun	2.63	K R AH1 D	heavy wet snow that is unsuitable for skiing
decapitation	noun	2.63	D IH0 K AE2 P IH0 T EY1 SH AH0 N	execution by cutting off the victim's head
declarative	noun	2.63	D IH0 K L EH1 R AH0 T IH0 V	a mood (grammatically unmarked) that represents the act or state as an objective fact
demonstrable	adjective	2.63	D EH1 M AH0 N S T R AH0 B AH0 L	necessarily or demonstrably true
demonstrative	noun	2.63	D IH0 M AA1 N S T R AH0 T IH0 V	a pronoun that points out an intended referent
dinky	noun	2.63	D IH1 NG K IY0	a small locomotive
dismemberment	noun	2.63	D IH0 S M EH1 M B ER0 M AH0 N T	the removal of limbs; being cut to pieces
earshot	noun	2.63	IH1 R SH AA2 T	the range within which a voice can be heard
elitism	noun	2.63	EH1 L IH0 T IH2 Z AH0 M	the attitude that society should be governed by an elite group of individuals
emigrant	noun	2.63	EH1 M AH0 G R AH0 N T	someone who leaves one country to settle in another
fiftieth	noun	2.63	F IH1 F T IY0 IH0 TH	position 50 in a countable series of things
forceps	noun	2.63	F AO1 R S EH0 P S	an extractor consisting of a pair of pincers used in medical treatment (especially for the delivery of babies)
frothy	adjective	2.63	F R AO1 TH IY0	emitting or filled with bubbles as from carbonation or fermentation
gallium	noun	2.63	G AE1 L IY0 AH0 M	a rare silvery (usually trivalent) metallic element; brittle at low temperatures but liquid above room temperature; occurs in trace amounts in bauxite and zinc ores
gaslight	noun	2.63	G AE1 S L AY0 T	light yielded by the combustion of illuminating gas
generalist	noun	2.63	JH EH1 N ER0 AH0 L IH0 S T	a modern scholar who is in a position to acquire more than superficial knowledge about many different interests
germinate	verb	2.63	JH ER1 M AH0 N EY2 T	produce buds, branches, or germinate
gremlin	noun	2.63	G R EH1 M L AH0 N	(folklore) fairies that are somewhat mischievous
grudgingly	adverb	2.63	G R AH1 JH IH0 NG L IY0	in a grudging manner
headroom	noun	2.63	HH EH1 D R UW2 M	vertical space available to allow easy passage under something
heparin	noun	2.63	HH EH1 P ER0 IH0 N	a polysaccharide produced in basophils (especially in the lung and liver) and that inhibits the activity of thrombin in coagulation of the blood; it (trade names Lipo-Hepin and Liquaemin) is used as an anticoagulant in the treatment of thrombosis and in heart surgery
homily	noun	2.63	HH AA1 M AH0 L IY0	a sermon on a moral or religious topic
ideation	noun	2.63	AY2 D IY0 EY1 SH AH0 N	the process of forming and relating ideas
impeccably	adverb	2.63	IH2 M P EH1 K AH0 B L IY0	flawlessly
impulsively	adverb	2.63	IH2 M P AH1 L S IH0 V L IY0	in an impulsive or impetuous way; without taking cautions
inedible	adjective	2.63	IH2 N EH1 D AH0 B AH0 L	not suitable for food
infinitesimal	noun	2.63	IH2 N F IH0 N IH0 T EH1 S IH0 M AH0 L	(mathematics) a variable that has zero as its limit
isolationist	noun	2.63	AY2 S AH0 L EY1 SH AH0 N AH0 S T	an advocate of isolationism in international affairs
jailhouse	noun	2.63	JH EY1 L HH AW2 S	a correctional institution used to detain persons who are in the lawful custody of the government (either accused persons awaiting trial or convicted persons serving a sentence)
karat	noun	2.63	K EH1 R AH0 T	the unit of measurement for the proportion of gold in an alloy; 18-karat gold is 75% gold; 24-karat gold is pure gold
keepsake	noun	2.63	K IY1 P S EY2 K	something of sentimental value
krill	noun	2.63	K R IH1 L	shrimp-like planktonic crustaceans; major source of food for e.g. baleen whales
laceration	noun	2.63	L AE2 S ER0 EY1 SH AH0 N	a torn ragged wound
liposuction	noun	2.63	L IH1 P OW0 S AH2 K SH AH0 N	lipectomy (especially for cosmetic purposes) in which excess fatty tissue is removed from under the skin by suction
liven	verb	2.63	L AY1 V AH0 N	make lively
lyricism	noun	2.63	L IH1 R IH0 S IH2 Z AH0 M	the property of being suitable for singing
mammary	adjective	2.63	M AE1 M ER0 IY0	of or relating to the milk-giving gland of the female
menopausal	adjective	2.63	M EH2 N AH0 P AW1 Z AH0 L	of or relating to the menopause
midline	noun	2.63	M IH1 D L AY2 N	the median plane of the body (or some part of the body)
mitre	noun	2.63	M IH1 T R IY0	joint that forms a corner; usually both sides are bevelled at a 45-degree angle to form a 90-degree corner
moonlit	adjective	2.63	M UW1 N L IH2 T	lighted by moonlight
mote	noun	2.63	M OW1 T	(nontechnical usage) a tiny piece of anything
multiracial	adjective	2.63	M AH2 L T AY2 R EY1 SH AH0 L	made up of or involving or acting on behalf of various races
mutate	verb	2.63	M Y UW1 T EY2 T	undergo mutation
optometry	noun	2.63	AA0 P T AA1 M AH0 T R IY0	the practice of an optometrist
pager	noun	2.63	P EY1 JH ER0	an electronic device that generates a series of beeps when the person carrying it is being paged
panicky	adjective	2.63	P AE1 N IH0 K IY0	thrown into a state of intense fear or desperation
parenthesis	noun	2.63	P ER0 EH1 N TH AH0 S IH0 S	either of two punctuation marks (or) used to enclose textual material
parser	noun	2.63	P AA1 R S ER0	a computer program that divides code up into functional components
permeate	verb	2.63	P ER1 M IY0 EY2 T	spread or diffuse through
petticoat	noun	2.63	P EH1 T IY0 K OW2 T	undergarment worn under a skirt
pinion	noun	2.63	P IH1 N Y AH0 N	a gear with a small number of teeth designed to mesh with a larger wheel or rack
pons	noun	2.63	P AA1 N Z	a band of nerve fibers linking the medulla oblongata and the cerebellum with the midbrain
precondition	noun	2.63	P R IY2 K AH0 N D IH1 SH AH0 N	an assumption on which rests the validity or effect of something else
prospector	noun	2.63	P R AO1 S P EH2 K T ER0	someone who explores an area for mineral deposits
quantitatively	adverb	2.63	K W AA2 N T IH0 T EY1 T AH0 V L IY0	in a quantitative manner
rambler	noun	2.63	R AE1 M B L ER0	a person who takes long walks in the country
rattan	noun	2.63	R AE0 T AE1 N	climbing palm of Sri Lanka and southern India remarkable for the great length of the stems which are used for malacca canes
reactivate	verb	2.63	R IY1 AE1 K T AH0 V EY2 T	activate (an old file) anew
regress	noun	2.63	R IY1 G R EH0 S	the reasoning involved when you assume the conclusion is true and reason backward to the evidence
resurface	verb	2.63	R IY0 S ER1 F AH0 S	reappear on the surface
retinue	noun	2.63	R EH1 T AH0 N UW2	the group following and attending to some important person
romanesque	noun	2.63	R OW2 M AH0 N EH1 S K	a style of architecture developed in Italy and western Europe between the Roman and the Gothic styles after 1000 AD; characterized by round arches and vaults and by the substitution of piers for columns and profuse ornament and arcades
satirist	noun	2.63	S AE1 T ER0 AH0 S T	a humorist who uses ridicule and irony and sarcasm
sharpshooter	noun	2.63	SH AA1 R P SH UW0 T ER0	an athlete noted for accurate aim
skiff	noun	2.63	S K IH1 F	any of various small boats propelled by oars or by sails or by a motor
sleuth	noun	2.63	S L UW1 TH	a detective who follows a trail
sluice	noun	2.63	S L UW1 S	conduit that carries a rapid flow of water controlled by a sluicegate
smokeless	adjective	2.63	S M OW1 K L AH0 S	emitting or containing little or no smoke
solidity	noun	2.63	S AH0 L IH1 D AH0 T IY0	the consistency of a solid
squeamish	adjective	2.63	S K W IY1 M IH0 SH	excessively fastidious and easily disgusted
strontium	noun	2.63	S T R AA1 N T IY0 AH0 M	a soft silver-white or yellowish metallic element of the alkali metal group; turns yellow in air; occurs in celestite and strontianite
supposition	noun	2.63	S AH2 P AH0 Z IH1 SH AH0 N	a message expressing an opinion based on incomplete evidence
tarsus	noun	2.63	T AA1 R S AH0 S	the part of the foot of a vertebrate between the metatarsus and the leg; in human beings the bones of the ankle and heel collectively
thermoplastic	noun	2.63	TH ER2 M AH0 P L AE1 S T IH0 K	a material that softens when heated and hardens again when cooled
thickly	adverb	2.63	TH IH1 K L IY0	spoken with poor articulation as if with a thick tongue
tipper	noun	2.63	T IH1 P ER0	a person who leaves a tip
trailhead	noun	2.63	T R EY1 L HH EH2 D	the beginning of a trail
tussle	noun	2.63	T AH1 S AH0 L	disorderly fighting
typist	noun	2.63	T AY1 P IH0 S T	someone paid to operate a typewriter
unmistakably	adverb	2.63	AH2 N M IH0 S T EY1 K AH0 B L IY0	without possibility of mistake
unworkable	adjective	2.63	AH0 N W ER1 K AH0 B AH0 L	not capable of being carried out or put into practice
valiantly	adverb	2.63	V AE1 L Y AH0 N T L IY0	with valor; in a valiant manner
weariness	noun	2.63	W IH1 R IY0 N AH0 S	temporary loss of strength and energy resulting from hard physical or mental work
wheelbase	noun	2.63	W IY1 L B EY2 S	the distance from the center of a car's front wheel to the rear axle
wholeness	noun	2.63	HH OW1 L N IH0 S	an undivided or unbroken completeness or totality with nothing wanting
wrest	verb	2.63	R EH1 S T	obtain by seizing forcibly or violently, also metaphorically
zillion	noun	2.63	Z IH1 L Y AH0 N	a very large indefinite number (usually hyperbole)
zona	noun	2.63	Z OW1 N AH0	(anatomy) any encircling or beltlike structure
acceptability	noun	2.62	AH0 K S EH2 P T AH0 B IH1 L AH0 T IY0	satisfactoriness by virtue of conforming to approved standards
anesthesiologist	noun	2.62	AE2 N AH0 S TH IY2 Z IY0 AA1 L AH0 JH AH0 S T	a specialist who administers an anesthetic to a patient before he is treated
architecturally	adverb	2.62	AA2 R K IH0 T EH1 K CH ER0 AH0 L IY0	with regard to architecture
astride	adverb	2.62	AH0 S T R AY1 D	with one leg on each side
basset	noun	2.62	B AE1 S IH0 T	smooth-haired breed of hound with short legs and long ears
bodice	noun	2.62	B AA1 D IH0 S	part of a dress above the waist
bozo	noun	2.62	B OW1 Z OW2	a man who is a stupid incompetent fool
brainy	adjective	2.62	B R EY1 N IY0	having or marked by unusual and impressive intelligence
clamor	noun	2.62	K L AE1 M ER0	a loud harsh or strident noise
classless	adjective	2.62	K L AE1 S L AH0 S	favoring social equality
clink	noun	2.62	K L IH1 NG K	a short light metallic sound
contaminant	noun	2.62	K AH0 N T AE1 M AH0 N AH0 N T	a substance that contaminates
counterclockwise	adjective	2.62	K AW2 N T ER0 K L AO1 K W AY0 Z	in the direction opposite to the rotation of the hands of a clock
crockery	noun	2.62	K R AA1 K ER0 IY0	tableware (eating and serving dishes) collectively
dais	noun	2.62	D EY1 Z	a platform raised above the surrounding level to give prominence to the person on it
degeneracy	noun	2.62	D IH0 JH EH1 N ER0 AH0 S IY0	the state of being degenerate in mental or moral qualities
disloyalty	noun	2.62	D IH0 S L OY1 AH0 L T IY0	the quality of being disloyal
dollop	noun	2.62	D AA1 L AH0 P	a small measure (usually of food)
drapery	noun	2.62	D R EY1 P ER0 IY0	hanging cloth used as a blind (especially for a window)
escarpment	noun	2.62	EH0 S K AA1 R P M AH0 N T	a long steep slope or cliff at the edge of a plateau or ridge; usually formed by erosion
extrinsic	adjective	2.62	EH0 K S T R IH1 N S IH0 K	not forming an essential part of a thing or arising or originating from the outside
finality	noun	2.62	F AY0 N AE1 L AH0 T IY0	the quality of being final or definitely settled
forestall	verb	2.62	F AO0 R S T AO1 L	keep from happening or arising; make impossible
gentlemanly	adjective	2.62	JH EH1 N T AH0 L M AH0 N L IY0	befitting a man of good breeding
goldeneye	noun	2.62	G OW1 L D AH0 N AY2	a variety of green lacewing
goldmine	noun	2.62	G OW1 L D M AY2 N	a good source of something that is desired
grayish	adjective	2.62	G R EY1 IH0 SH	of an achromatic color of any lightness intermediate between the extremes of white and black
gymnastic	adjective	2.62	JH IH0 M N AE1 S T IH0 K	vigorously active
hashish	noun	2.62	HH AE1 SH IH0 SH	purified resinous extract of the hemp plant; used as a hallucinogen
hematology	noun	2.62	HH EH2 M AH0 T AA1 L AH0 JH IY0	the branch of medicine that deals with diseases of the blood and blood-forming organs
heroically	adverb	2.62	HH IH2 R OW1 IH0 K L IY0	in a heroic manner
histogram	noun	2.62	HH IH1 S T AH0 G R AE2 M	a bar chart representing a frequency distribution; heights of the bars represent observed frequencies
hokey	adjective	2.62	HH OW1 K IY0	effusively or insincerely emotional
insomniac	noun	2.62	IH2 N S AA1 M N IY0 AE2 K	someone who cannot sleep
interlock	noun	2.62	IH2 N T ER0 L AA1 K	a device that prevents an automotive engine from starting
irrelevance	noun	2.62	IH2 R EH1 L AH0 V AH0 N S	the lack of a relation of something to the matter at hand
jell	verb	2.62	JH EH1 L	become gelatinous
leathery	adjective	2.62	L EH1 DH ER0 IY0	resembling or made to resemble leather; tough but pliable
loam	noun	2.62	L OW1 M	a rich soil consisting of a mixture of sand and clay and decaying organic materials
militaristic	adjective	2.62	M IH2 L IH0 T ER0 IH1 S T IH0 K	imbued with militarism
minnow	noun	2.62	M IH1 N OW0	very small European freshwater fish common in gravelly streams
mirth	noun	2.62	M ER1 TH	great merriment
mnemonic	noun	2.62	N IH0 M AA1 N IH0 K	a device (such as a rhyme or acronym) used to aid recall
moonstone	noun	2.62	M UW1 N S T OW2 N	a transparent or translucent gemstone with a pearly luster; some specimens are orthoclase feldspar and others are plagioclase feldspar
morel	noun	2.62	M ER0 EH1 L	any of various edible mushrooms of the genus Morchella having a brownish spongelike cap
nimbus	noun	2.62	N IH1 M B AH0 S	a dark grey cloud bearing rain
oomph	noun	2.62	UW1 M F	attractiveness to the opposite sex
overwork	noun	2.62	OW2 V ER0 W ER1 K	the act of working too much or too long
paintbrush	noun	2.62	P EY1 N T B R AH2 SH	a brush used as an applicator (to apply paint)
plausibly	adverb	2.62	P L AO1 Z AH0 B L IY0	easy to believe on the basis of available evidence
prohibitively	adverb	2.62	P R OW0 HH IH1 B AH0 T IH0 V L IY0	to a prohibitive degree
proximate	adjective	2.62	P R AA1 K S AH0 M AH0 T	closest in degree or order (space or time) especially in a chain of causes and effects
puller	noun	2.62	P UH1 L ER0	someone who applies force so as to cause motion toward herself or himself
queasy	adjective	2.62	K W IY1 Z IY0	causing or able to cause nausea
quiche	noun	2.62	K IY1 SH	a tart filled with rich unsweetened custard; often contains other ingredients (as cheese or ham or seafood or vegetables)
rapprochement	noun	2.62	R AE2 P R OW2 SH M AA1 N	the reestablishing of cordial relations
reappearance	noun	2.62	R IY2 AH0 P IH1 R AH0 N S	the event of something appearing again
recompense	noun	2.62	R EH1 K AH0 M P EH2 N S	payment or reward (as for service rendered)
refutation	noun	2.62	R EH2 F Y UW0 T EY1 SH AH0 N	the speech act of answering an attack on your assertions
remiss	adjective	2.62	R IY0 M IH1 S	failing in what duty requires
remittance	noun	2.62	R IY0 M IH1 T AH0 N S	a payment of money sent to a person in another place
reverie	noun	2.62	R EH1 V ER0 IY0	absentminded dreaming while awake
revisionism	noun	2.62	R IY0 V IH1 ZH AH0 N IH2 Z AH0 M	any dangerous departure from the teachings of Marx
selflessness	noun	2.62	S EH1 L F L AH0 S N IH0 S	the quality of unselfish concern for the welfare of others
shinto	noun	2.62	SH IH1 N T OW2	the native religion and former ethnic cult of Japan
silken	adjective	2.62	S IH1 L K AH0 N	having a smooth, gleaming surface reflecting light
slippage	noun	2.62	S L IH1 P IH0 JH	a decrease of transmitted power in a mechanical system caused by slipping
slowness	noun	2.62	S L OW1 N AH0 S	unskillfulness resulting from a lack of training
snarl	noun	2.62	S N AA1 R L	a vicious angry growl
spongy	adjective	2.62	S P AH1 N JH IY0	easily squashed; resembling a sponge in having soft porous texture and compressibility
stewardess	noun	2.62	S T UW1 ER0 D AH0 S	a woman steward on an airplane
turtleneck	noun	2.62	T ER1 T AH0 L N EH2 K	a sweater or jersey with a high close-fitting collar
underclass	noun	2.62	AH1 N D ER0 K L AE2 S	the social class lowest in the social hierarchy
unpopularity	noun	2.62	AH0 N P AA2 P Y AH0 L EH1 R IH0 T IY0	the quality of lacking general approval or acceptance
unquestionable	adjective	2.62	AH0 N K W EH1 S CH AH0 N AH0 B AH0 L	incapable of being questioned
unreadable	adjective	2.62	AH0 N R IY1 D AH0 B AH0 L	not easily deciphered
wallop	noun	2.62	W AA1 L AH0 P	a forceful consequence; a strong effect
whet	verb	2.62	W EH1 T	make keen or more acute
yesteryear	noun	2.62	Y EH1 S T ER0 Y IH2 R	the time that has elapsed
amply	adverb	2.61	AE1 M P L IY0	to an ample degree or in an ample manner
antithetical	adjective	2.61	AE2 N T AH0 TH EH1 T IH0 K AH0 L	sharply contrasted in character or purpose
arranger	noun	2.61	ER0 EY1 N JH ER0	a person who brings order and organization to an enterprise
bookmaker	noun	2.61	B UH1 K M EY0 K ER0	a maker of books; someone who edits or publishes or binds books
brogan	noun	2.61	B R OW1 G AH0 N	a thick and heavy shoe
capitalistic	adjective	2.61	K AE2 P IH0 T AH0 L IH1 S T IH0 K	favoring or practicing capitalism
chink	noun	2.61	CH IH1 NG K	(ethnic slur) offensive term for a person of Chinese descent
clack	noun	2.61	K L AE1 K	a sharp abrupt noise as if two objects hit together; may be repeated
confidentially	adverb	2.61	K AA2 N F AH0 D EH1 N SH AH0 L IY0	in a confidential manner
conservator	noun	2.61	K AH0 N S ER1 V AH0 T ER0	the custodian of a collection (as a museum or library)
cooperatively	adverb	2.61	K OW0 AA1 P R AH0 T IH0 V L IY0	in close cooperation
covey	noun	2.61	K AH1 V IY0	a small collection of people
crimp	noun	2.61	K R IH1 M P	an angular or rounded shape made by folding
customarily	adverb	2.61	K AH2 S T AH0 M EH1 R AH0 L IY0	by custom; according to common practice
deflate	verb	2.61	D IH0 F L EY1 T	collapse by releasing contained air or gas
demonize	verb	2.61	D IY1 M AH0 N AY2 Z	make into a demon
diuretic	noun	2.61	D AY2 UW0 R EH1 T IH0 K	any substance that tends to increase the flow of urine, which causes the body to get rid of excess water
drudge	noun	2.61	D R AH1 JH	one who works hard at boring tasks
effector	noun	2.61	IH0 F EH1 K T ER0	one who brings about a result or event; one who accomplishes a purpose
epistemological	adjective	2.61	EH0 P IH2 S T AH0 M AA0 L AA1 JH IY2 K AH0 L	of or relating to epistemology
etiology	noun	2.61	IY2 T IY0 AA1 L AH0 JH IY0	the cause of a disease
expediency	noun	2.61	IH0 K S P IY1 D IY0 AH0 N S IY0	the quality of being suited to the end in view
facile	adjective	2.61	F AE1 S AH0 L	arrived at without due care or effort; lacking depth
fatherless	adjective	2.61	F AA1 DH ER0 L AH0 S	having no living father
fittingly	adverb	2.61	F IH1 T IH0 NG L IY0	in an appropriate manner
gizmo	noun	2.61	G IH1 Z M OW2	something unspecified whose name is either forgotten or not known
glycine	noun	2.61	G L AY1 S IY2 N	the simplest amino acid found in proteins and the principal amino acid in sugar cane
goop	noun	2.61	G UW1 P	any thick, viscous matter
groggy	adjective	2.61	G R AA1 G IY0	stunned or confused and slow to react (as from blows or drunkenness or exhaustion)
guano	noun	2.61	G W AA1 N OW2	the excrement of sea birds; used as fertilizer
homogeneity	noun	2.61	HH AA2 M AH0 JH AH0 N IY1 AH0 T IY0	the quality of being similar or comparable in kind or nature
huntress	noun	2.61	HH AH1 N T R IH0 S	a woman hunter
idiopathic	adjective	2.61	IH2 D IY0 OW0 P AE1 TH AH0 K	(of diseases) arising from an unknown cause
immigrate	verb	2.61	IH1 M AH0 G R EY2 T	migrate to a new environment
implacable	adjective	2.61	IH2 M P L AE1 K AH0 B AH0 L	incapable of being placated
indiscretion	noun	2.61	IH2 N D IH0 S K R EH1 SH AH0 N	the trait of being injudicious
infirm	adjective	2.61	IH0 N F ER1 M	lacking bodily or muscular strength or vitality
jailer	noun	2.61	JH EY1 L ER0	someone who guards prisoners
kerb	noun	2.61	K ER1 B	an edge between a sidewalk and a roadway consisting of a line of curbstones (usually forming part of a gutter)
lengthwise	adjective	2.61	L EH1 NG TH W AY2 Z	running or extending in the direction of the length of a thing
materialist	noun	2.61	M AH0 T IH1 R IY0 AH0 L IH0 S T	someone with great regard for material possessions
monger	noun	2.61	M AH1 NG G ER0	someone who purchases and maintains an inventory of goods to be sold
narc	noun	2.61	N AA1 R K	a lawman concerned with narcotics violations
necromancer	noun	2.61	N EH1 K R AH0 M AE2 N S ER0	one who practices magic or sorcery
nitride	noun	2.61	N AY1 T R AY0 D	a compound containing nitrogen and a more electropositive element (such as phosphorus or a metal)
notional	adjective	2.61	N OW1 SH AH0 N AH0 L	not based on fact; unreal; - F.D.Roosevelt
obverse	noun	2.61	AH0 B V ER1 S	the more conspicuous of two alternatives or cases or sides
offstage	noun	2.61	AO1 F S T EY1 JH	a stage area out of sight of the audience
palatial	adjective	2.61	P AH0 L EY1 SH AH0 L	relating to or being a palace
paucity	noun	2.61	P AO1 S AH0 T IY2	an insufficient quantity or number
peculiarly	adverb	2.61	P IH0 K Y UW1 L Y ER0 L IY0	uniquely or characteristically; ; ; - John Knowles
pelagic	adjective	2.61	P AH0 L AE1 JH IH0 K	relating to or occurring or living in or frequenting the open ocean
phenomenally	adverb	2.61	F AH0 N AA1 M AH0 N AH0 L IY0	to a phenomenal degree
phonics	noun	2.61	F AA1 N IH0 K S	teaching reading by training beginners to associate letters with their sound values
physiologically	adverb	2.61	F IH2 Z IY0 AH0 L AA1 JH IH0 K L IY0	of or relating to physiological processes; with respect to physiology
pithy	adjective	2.61	P IH1 TH IY0	concise and full of meaning; ; - Hervey Allen
plop	noun	2.61	P L AA1 P	the noise of a rounded object dropping into a liquid without a splash
preclinical	adjective	2.61	P R IY0 K L IH1 N IH0 K AH0 L	of or relating to the early phases of a disease when accurate diagnosis is not possible because symptoms of the disease have not yet appeared
raster	noun	2.61	R AE1 S T ER0	the rectangular formation of parallel scanning lines that guide the electron beam on a television screen or a computer monitor
reassessment	noun	2.61	R IY2 AH0 S EH1 S M AH0 N T	a new appraisal or evaluation
registrant	noun	2.61	R EH1 JH AH0 S T R AH0 N T	a person who is formally entered (along with others) in a register (and who obtains certain rights thereby)
repaint	verb	2.61	R IY0 P EY1 N T	paint again
resurgent	adjective	2.61	R IH0 S ER1 JH AH0 N T	rising again as to new life and vigor
rubbery	adjective	2.61	R AH1 B ER0 IY0	having an elastic texture resembling rubber in flexibility or toughness
sceptre	noun	2.61	S EH1 P T ER0	the imperial authority symbolized by a scepter
seditious	adjective	2.61	S IH0 D IH1 SH AH0 S	arousing to action or rebellion
serviceman	noun	2.61	S ER1 V AH0 S M AE2 N	someone who serves in the armed forces; a member of a military force
statuette	noun	2.61	S T AE2 CH UW0 EH1 T	a small carved or molded figure
swig	noun	2.61	S W IH1 G	a large and hurried swallow
taxidermy	noun	2.61	T AE1 K S AH0 D ER2 M IY0	the art of mounting the skins of animals so that they have lifelike appearance
thankless	adjective	2.61	TH AE1 NG K L AH0 S	not feeling or showing gratitude; ; - Shakespeare
