conga	noun	ကွန်ဂါအကသီချင်း|ကွန်ဂါအက
salvia	noun	ဆာဗီးယားပင်
segregate	verb	ခွဲခြားထားသည်|သီးခြားထားသည်
spastic	adjective	ကြွက်သားတင်းကျပ်လှုပ်ရှားရခက်သော
wilfully	adverb	တမင်တကာ|အလိုအလျောက်မဟုတ်ဘဲ
yeshiva	noun	ဂျူးဘာသာကျမ်းစာသင်ကျောင်း
zany	adjective	ဟာသဆန်ပြီးထူးဆန်းသော
alarmingly	adverb	စိုးရိမ်ဖွယ်ကောင်းစွာ
arguable	adjective	ဆွေးနွေးငြင်းခုံနိုင်သော
bide	verb	စောင့်နေသည်|နေထိုင်သည်
bisexuality	noun	လိင်နှစ်မျိုးစလုံးကိုစိတ်ဝင်စားမှု
biweekly	adjective	နှစ်ပတ်တစ်ကြိမ်ဖြစ်သော|တစ်ပတ်နှစ်ကြိမ်ဖြစ်သော
breadwinner	noun	မိသားစုအဓိကဝင်ငွေရှာသူ
cardiomyopathy	noun	နှလုံးကြွက်သားရောဂါ
constitutive	adjective	ဖွဲ့စည်းမှု၏အခြေခံဖြစ်သော
coolly	adverb	တည်ငြိမ်အေးဆေးစွာ|အေးစက်စွာ
coronal	noun	ပန်းခွေဝိုင်း
counterweight	noun	တန်ပြန်အလေးချိန်
coupler	noun	ချိတ်ဆက်ကိရိယာ
curable	adjective	ကုသပျောက်ကင်းနိုင်သော
curative	noun	ကုသပျောက်ကင်းစေသောဆေး|ကုထုံး
cushy	adjective	သက်သာလွယ်ကူသော|ပင်ပန်းမှုနည်းသော
deuterium	noun	ဒီယူတီရီယမ်ဟိုက်ဒရိုဂျင်အိုင်ဆိုတိုပ်
disconnection	noun	ဆက်သွယ်မှုပြတ်တောက်ခြင်း|အဆက်အသွယ်မရှိမှု
endoscopic	adjective	အတွင်းကြည့်မှန်ဖြင့်စစ်ဆေးမှုနှင့်ဆိုင်သော
excavate	verb	တူးဖော်သည်
fallback	noun	အရန်အစီအစဉ်|နောက်ဆုတ်ခြင်း
fess	noun	ဒိုင်းပေါ်အလျားလိုက်အကွက်
firebird	noun	မီးရောင်တောက်ငှက်တစ်မျိုး
gaffe	noun	မသင့်လျော်သောပြောဆိုလုပ်ဆောင်မှု
glitz	noun	တောက်ပခမ်းနားသော်လည်းအရသာမရှိမှု
gridiron	noun	သံတိုင်မီးကင်စင်
haggis	noun	သိုးအတွင်းအင်္ဂါဖြင့်ချက်သောစကော့တလန်အစားအစာ
hoarse	adjective	အသံဝင်သော|အသံကြမ်းသော
hydrographic	adjective	ရေမျက်နှာပြင်တိုင်းတာရေးနှင့်ဆိုင်သော
illegality	noun	တရားမဝင်မှု
infanticide	noun	ကလေးငယ်သတ်ဖြတ်မှု
inoculation	noun	ကာကွယ်ဆေးထိုးခြင်း
inordinate	adjective	ပုံမှန်ထက်လွန်ကဲသော
insensitivity	noun	မခံစားနားလည်တတ်မှု|မစာနာမှု
insincere	adjective	မရိုးသားသော|စိတ်မပါသော
instigator	noun	စတင်လှုံ့ဆော်သူ|ပြဿနာဖန်တီးသူ
isotopic	adjective	အိုင်ဆိုတိုပ်နှင့်ဆိုင်သော
leeward	noun	လေသင့်ဘက်|လေတိုက်ရာဘက်
lustful	adjective	ကာမစိတ်ပြင်းသော
lustrous	adjective	တောက်ပြောင်သော
mosh	verb	ဂီတပွဲတွင်အပြင်းအထန်ခုန်ကခုန်သည်
newscast	noun	သတင်းထုတ်လွှင့်ချက်
nonverbal	adjective	စကားမပြောဘဲဖော်ပြသော
orchestrate	verb	စီစဉ်ညှိနှိုင်းသည်|တီးဝိုင်းအတွက်စီစဉ်သည်
overprotective	adjective	ကာကွယ်စောင့်ရှောက်လွန်ကဲသော
panache	noun	ထင်ရှားသောစတိုင်နှင့်ယုံကြည်မှု
panelist	noun	ဆွေးနွေးပွဲအဖွဲ့ဝင်
participle	noun	ကြိယာမှဆင်းသက်သောပုံစံ
pathetically	adverb	သနားစရာကောင်းစွာ|အလွန်ညံ့ဖျင်းစွာ
pedantic	adjective	အသေးစိတ်စည်းကမ်းကိုအလွန်ကပ်သော
perturbation	noun	စိတ်အနှောင့်အယှက်|အနည်းငယ်ပြောင်းလဲမှု
phage	noun	ဘက်တီးရီးယားကိုကူးစက်သောဗိုင်းရပ်စ်
phallic	adjective	လိင်တံနှင့်ဆိုင်သော|လိင်တံပုံဆန်သော
phonology	noun	အသံစနစ်ဗေဒ
pocketbook	noun	ပိုက်ဆံအိတ်|ကိုယ်ပိုင်ဘဏ္ဍာရေးအခြေအနေ
prescient	adjective	ကြိုတင်မြင်နိုင်သော
puffin	noun	ပဖင်ပင်လယ်ငှက်
reefer	noun	ဆေးခြောက်လိပ်
refrigerant	noun	အအေးပေးဓာတ်
remarry	verb	နောက်တစ်ကြိမ်လက်ထပ်သည်
resiliency	noun	ပြန်လည်ထူထောင်နိုင်စွမ်း|ပြန်တက်နိုင်စွမ်း
rockabilly	noun	ရော့ခ်နှင့်ကန်ထရီပေါင်းစပ်ဂီတ
sedimentation	noun	အနည်ကျခြင်း
shirk	verb	တာဝန်ရှောင်သည်
spellbound	adjective	အံ့ဩစိတ်ဝင်စား၍ငြိမ်သက်သွားသော
spiel	noun	အဆင်သင့်ပြောနေကျအရောင်းစကား|ရှည်လျားပြောဆိုမှု
spunk	noun	သတ္တိ|အားမာန်
strident	adjective	အသံကျယ်ပြင်းပြီးနားကြားမကောင်းသော
swank	noun	ခေတ်မီခမ်းနားမှု
tradeoff	noun	တစ်ခုရရန်တစ်ခုလျှော့ပေးရမှု
tritium	noun	ထရစ်တီယမ်ဟိုက်ဒရိုဂျင်အိုင်ဆိုတိုပ်
tubby	adjective	ပုဝဝဖြစ်သော
twill	noun	စောင်းမျဉ်းပုံအထည်ယက်နည်း
ubiquity	noun	နေရာတိုင်းတွင်ရှိနေမှု
unaccountable	adjective	ရှင်းမပြနိုင်သော|တာဝန်ခံမထားရသော
underfoot	adverb	ခြေအောက်တွင်
unevenly	adverb	မညီမညာစွာ
unknowable	adjective	မသိနိုင်သော
unreachable	adjective	မရောက်နိုင်သော|ဆက်သွယ်မရသော
acetic	adjective	အက်ဆစ်အနံ့အရသာရှိသော|အက်စီတစ်အက်ဆစ်နှင့်ဆိုင်သော
anise	noun	စမုန်စပါးမွှေးတစ်မျိုး
balsam	noun	မွှေးကြိုင်အဆီရည်|ဗာလဆမ်ပင်
bobble	verb	လက်ထဲမှလွတ်လုနီးပါးဖြစ်သည်|လှုပ်လှုပ်ရှားရှားဖြစ်သည်
bola	noun	ကြိုးဖြင့်ပစ်ဖမ်းကိရိယာ|လည်ပင်းချည်တစ်မျိုး
boxy	adjective	သေတ္တာပုံစံဆန်သော
cinch	noun	အလွန်လွယ်သောအရာ|မြင်းကုန်းပတ်ကြိုး
cirrus	noun	အမွှေးမျှင်ပုံတိမ်ပါး
commonsense	adjective	သာမန်အသိဉာဏ်ရှိသော
conjugal	adjective	အိမ်ထောင်သည်ဇနီးမောင်နှံနှင့်ဆိုင်သော
courageously	adverb	သတ္တိရှိစွာ
covalent	adjective	အီလက်ထရွန်မျှဝေချိတ်ဆက်မှုနှင့်ဆိုင်သော
crawfish	noun	ရေချိုပုစွန်အခွံမာတစ်မျိုး
dandruff	noun	ဗောက်
deductive	adjective	အထွေထွေအချက်မှသီးခြားကောက်ချက်ဆွဲသော
