seeker	noun	3.41	S IY1 K ER0	someone making a search or inquiry
substantive	noun	3.41	S AH1 B S T AH0 N T IH0 V	any word or group of words functioning as a noun
torso	noun	3.41	T AO1 R S OW2	the body excluding the head and neck and limbs
tremendously	adverb	3.41	T R AH0 M EH1 N D AH0 S L IY0	extremely
unpublished	adjective	3.41	AH0 N P AH1 B L IH0 SH T	not published
verbally	adverb	3.41	V ER0 B AE1 L IY0	as a verb
zodiac	noun	3.41	Z OW1 D IY0 AE2 K	a belt-shaped region in the heavens on either side to the ecliptic; divided into 12 constellations or signs for astrological purposes
basal	adjective	3.40	B EY1 S AH0 L	especially of leaves; located at the base of a plant or stem; especially arising directly from the root or rootstock or a root-like stem
bender	noun	3.40	B EH1 N D ER0	a tool for bending
chronological	adjective	3.40	K R AA2 N AH0 L AA1 JH IH0 K AH0 L	relating to or arranged according to temporal order
cleavage	noun	3.40	K L IY1 V AH0 JH	the state of being split or cleft
cohort	noun	3.40	K OW1 HH AO0 R T	a company of companions or supporters
dildo	noun	3.40	D IH1 L D OW2	a vibrating device that substitutes for an erect penis to provide vaginal stimulation
ether	noun	3.40	IY1 TH ER0	the fifth and highest element after air and earth and fire and water; was believed to be the substance composing all heavenly bodies
fetal	adjective	3.40	F IY1 T AH0 L	of or relating to a fetus
gorge	noun	3.40	G AO1 R JH	a deep ravine (usually with a river running through it)
kickoff	noun	3.40	K IH1 K AO2 F	(football) a kick from the center of the field to start a football game or to resume it after a score
leftover	noun	3.40	L EH1 F T OW2 V ER0	a small part or portion that remains after the main part no longer exists
legalization	noun	3.40	L IY2 G AH0 L AH0 Z EY1 SH AH0 N	the act of making lawful
mammoth	noun	3.40	M AE1 M AH0 TH	any of numerous extinct elephants widely distributed in the Pleistocene; extremely large with hairy coats and long upcurved tusks
matchup	noun	3.40	M AE1 CH AH0 P	the pairing of people or things as for comparison or competition
motif	noun	3.40	M OW0 T IY1 F	a design or figure that consists of recurring shapes or colors, as in architecture or decoration
papal	adjective	3.40	P EY1 P AH0 L	proceeding from or ordered by or subject to a pope or the papacy regarded as the successor of the Apostles
principally	adverb	3.40	P R IH1 N S IH0 P L IY0	for the most part
reliably	adverb	3.40	R IH0 L AY1 AH0 B L IY0	in a faithful manner
shear	noun	3.40	SH IH1 R	(physics) a deformation of an object in which parallel planes remain parallel but are shifted in a direction parallel to themselves
thrift	noun	3.40	TH R IH1 F T	any of numerous sun-loving low-growing evergreens of the genus Armeria having round heads of pink or white flowers
traverse	noun	3.40	T R AE1 V ER0 S	a horizontal beam that extends across something
turnaround	noun	3.40	T ER1 N ER0 AW2 N D	time need to prepare a vessel or ship for a return trip
chloride	noun	3.39	K L AO1 R AY0 D	any compound containing a chlorine atom
cornerstone	noun	3.39	K AO1 R N ER0 S T OW2 N	the fundamental assumptions from which something is begun or developed or calculated or explained
correctness	noun	3.39	K ER0 EH1 K T N AH0 S	conformity to fact or truth
encore	noun	3.39	AA1 N K AO2 R	an extra or repeated performance; usually given in response to audience demand
interdisciplinary	adjective	3.39	IH2 N T ER0 D IH1 S AH0 P L AH0 N EH2 R IY0	drawing from or characterized by participation of two or more fields of study
iteration	noun	3.39	IH2 T ER0 EY1 SH AH0 N	(computer science) a single execution of a set of instructions that are to be repeated
magnum	noun	3.39	M AE1 G N AH0 M	a large wine bottle for liquor or wine
multicultural	adjective	3.39	M AH2 L T IY0 K AH1 L CH ER0 AH0 L	of or relating to or including several cultures
overflow	noun	3.39	OW1 V ER0 F L OW2	a large flow
panorama	noun	3.39	P AE2 N ER0 AE1 M AH0	the visual percept of a region
pinky	noun	3.39	P IH1 NG K IY0	the finger farthest from the thumb
playwright	noun	3.39	P L EY1 R AY2 T	someone who writes plays
punitive	adjective	3.39	P Y UW1 N AH0 T IH0 V	inflicting punishment
skeletal	adjective	3.39	S K EH1 L AH0 T AH0 L	of or relating to or forming or attached to a skeleton
soar	noun	3.39	S AO1 R	the act of rising upward into the air
spherical	adjective	3.39	S F EH1 R IH0 K AH0 L	of or relating to spheres or resembling a sphere
vigorously	adverb	3.39	V IH1 G ER0 AH0 S L IY0	with vigor; in a vigorous manner
visibly	adverb	3.39	V IH1 Z AH0 B L IY0	in a visible manner
biographical	adjective	3.38	B AY2 AH0 G R AE1 F IH0 K AH0 L	of or relating to or being biography
cleric	noun	3.38	K L EH1 R IH0 K	a clergyman or other person in religious orders
directional	adjective	3.38	D ER0 EH1 K SH AH0 N AH0 L	relating to or indicating directions in space
