conjectural	/kənˈdʒɛktʃərəl/
genitourinary	/ˌdʒɛnɪtoʊˈjʊrəˌnɛri/
hematological	/ˌhimətəˈlɑdʒɪkəl/
sadomasochistic	/ˌseɪdoʊˌmæsəˈkɪstɪk/
senescent	/səˈnɛsənt/
syncretic	/sɪŋˈkrɛtɪk/
tautological	/ˌtɔtəˈlɑdʒɪkəl/
vertiginous	/vɚˈtɪdʒənəs/
bactericidal	/bækˌtɪrəˈsaɪdəl/
extemporaneous	/ɪkˌstɛmpəˈreɪniəs/
grotty	/ˈɡrɑti/
spatiotemporal	/ˌspeɪʃioʊˈtɛmpərəl/
streptococcal	/ˌstrɛptəˈkɑkəl/
youngish	/ˈjʌŋɪʃ/
adamantine	/ˌædəˈmæntaɪn/
analogical	/ˌænəˈlɑdʒɪkəl/
crinkly	/ˈkrɪŋkli/
cultivable	/ˈkʌltəvəbəl/
numinous	/ˈnumɪnəs/
perceivable	/pɚˈsivəbəl/
pupillary	/ˈpjupəˌlɛri/
syntactical	/sɪnˈtæktɪkəl/
translatable	/trænzˈleɪtəbəl/
viscoelastic	/ˌvɪskoʊɪˈlæstɪk/
clownish	/ˈklaʊnɪʃ/
coterminous	/koʊˈtɝmənəs/
gangrenous	/ˈɡæŋɡrənəs/
nondenominational	/ˌnɑndɪˌnɑməˈneɪʃənəl/
auricular	/ɔˈrɪkjəlɚ/
libidinous	/lɪˈbɪdənəs/
opalescent	/ˌoʊpəˈlɛsənt/
catabolic	/ˌkætəˈbɑlɪk/
conjunctive	/kənˈdʒʌŋktɪv/
diarrheal	/ˌdaɪəˈriəl/
fecund	/ˈfɛkənd/
gustatory	/ˈɡʌstəˌtɔri/
jangly	/ˈdʒæŋɡli/
nasopharyngeal	/ˌneɪzoʊfəˈrɪndʒiəl/
procreative	/ˈproʊkrieɪtɪv/
volitional	/voʊˈlɪʃənəl/
destructible	/dɪˈstrʌktəbəl/
eidetic	/aɪˈdɛtɪk/
flaxen	/ˈflæksən/
fleshly	/ˈflɛʃli/
paramedical	/ˌpærəˈmɛdɪkəl/
proinflammatory	/ˌproʊɪnˈflæməˌtɔri/
sepulchral	/səˈpʌlkrəl/
syphilitic	/ˌsɪfəˈlɪtɪk/
pebbly	/ˈpɛbli/
retrievable	/rɪˈtrivəbəl/
spidery	/ˈspaɪdəri/
transcultural	/trænzˈkʌltʃərəl/
criminological	/ˌkrɪmənəˈlɑdʒɪkəl/
datable	/ˈdeɪtəbəl/
iatrogenic	/aɪˌætrəˈdʒɛnɪk/
licit	/ˈlɪsɪt/
oaken	/ˈoʊkən/
postprandial	/poʊstˈprændiəl/
risible	/ˈrɪzəbəl/
tomboyish	/ˈtɑmbɔɪɪʃ/
wakeful	/ˈweɪkfəl/
yeasty	/ˈjisti/
nociceptive	/ˌnoʊsɪˈsɛptɪv/
premenopausal	/ˌprimɛnəˈpɔzəl/
stroppy	/ˈstrɑpi/
diagnosable	/ˌdaɪəɡˈnoʊsəbəl/
diffusive	/dɪˈfjusɪv/
notifiable	/ˈnoʊtəfaɪəbəl/
pubertal	/ˈpjubɚtəl/
sensorial	/sɛnˈsɔriəl/
transposable	/trænzˈpoʊzəbəl/
billowy	/ˈbɪloʊi/
domiciliary	/ˌdɑməˈsɪliˌɛri/
plutocratic	/ˌplutəˈkrætɪk/
scabrous	/ˈskæbrəs/
slothful	/ˈsloʊθfəl/
coplanar	/koʊˈpleɪnɚ/
exocrine	/ˈɛksoʊkrɪn/
languorous	/ˈlæŋɡərəs/
leprous	/ˈlɛprəs/
proprioceptive	/ˌproʊprioʊˈsɛptɪv/
venial	/ˈviniəl/
wifely	/ˈwaɪfli/
pimply	/ˈpɪmpli/
bounteous	/ˈbaʊntiəs/
constrictive	/kənˈstrɪktɪv/
geostrategic	/ˌdʒioʊstrəˈtidʒɪk/
curmudgeonly	/kɚˈmʌdʒənli/
realizable	/ˈriəlaɪzəbəl/
purulent	/ˈpjʊrələnt/
twinkly	/ˈtwɪŋkli/
willowy	/ˈwɪloʊi/
scatological	/ˌskætəˈlɑdʒɪkəl/
